Python	mikf/gallery-dl	8b9a56d6b1a53bc13a80894625fd58b24de3063a	1
Python	mikf/gallery-dl	19a64031b7e695dc76d7d689a1c9d7470fc0bfc7	1
Python	mikf/gallery-dl	d9eebbea041a52e347a2b181bdd64536a875d004	1
Python	mikf/gallery-dl	2adf2a8e0041ec55afdcc2211fd5c7ca239a9352	1
Python	mikf/gallery-dl	4f0abb2606e2c63423b13e8a072ec7fbaa79d036	1
Python	mikf/gallery-dl	86047cf67a12bdb6ff1085774f8ad9fc347e8da9	1
Python	mikf/gallery-dl	8939a870a1b319634489839a8b224803dccb13ec	1
Python	mikf/gallery-dl	f2ebb9936a7986a1f41f6acde02b269beedff735	0
Python	mikf/gallery-dl	d93587c8e10b98b02af06c407c6be22d13e51f8d	1
Python	mikf/gallery-dl	01f5dff21fbbde04c9729cecdabac7306a997121	1
Python	astral-sh/ty	f40d21a17daeb1d52ae883b4625f7591ff5838fb	0
Python	astral-sh/ty	8e4aef298ab0e39007e59fb2cedcaddbebc34afc	0
Python	astral-sh/ty	bef3a06e67d863b41e841d4d75cf254f787e598a	0
Python	astral-sh/ty	6a60da5e9c53395e7ee46fed3fceedeb218a143b	0
Python	astral-sh/ty	8dd9a7f7fa35a18275d82117e6593ba45507065f	0
Python	astral-sh/ty	d4e4bf90906c7677049bc3a29d1735de7d22052d	0
Python	astral-sh/ty	94ce7333abb356b2068dc98d37a68c993da6d09b	0
Python	astral-sh/ty	901eeaa9cd9ac06f34e85e4f721f76a0dc36e217	0
Python	astral-sh/ty	09bf0b1b2114a628f3e2296d3d9d28245066c98b	0
Python	astral-sh/ty	89d6ffe529dd44f64adc0d28f80744b7c7ab217f	0
Python	teng-lin/notebooklm-py	4d6a4e5494d721cea4d87e2d4c226afee305eee8	0
Python	teng-lin/notebooklm-py	4e7960984b6359b576a462660ef32d4d98c9e78c	0
Python	teng-lin/notebooklm-py	2cd62cd7bd540dbda559385ea44b1b309fa41fd0	0
Python	teng-lin/notebooklm-py	833078ddfc625f46765728e2e6fd3a67778a0da8	0
Python	teng-lin/notebooklm-py	6e80bd3ba3da69e63d75bf6f712b41d1d65c3ee7	8
Python	teng-lin/notebooklm-py	af19e326e69771c1323e1a865d2933edbc20450e	27
Python	teng-lin/notebooklm-py	4d92743240852b4832ce45d76894a5d247e8e286	16
Python	teng-lin/notebooklm-py	ca86547706c7ba1ee2190e67a01282509a5f4130	15
Python	teng-lin/notebooklm-py	cf889298c1a2757b542fd54437f8e79e8f2cda0e	14
Python	teng-lin/notebooklm-py	2c56ebbee6775a33f18f6f689b484b85dfc506cd	7
Python	kvcache-ai/ktransformers	c40722bf04c494f2492b7eb9e86ef01a4ede45b3	0
Python	kvcache-ai/ktransformers	f7607c0f66c643220ff43b822b24483c98c41392	0
Python	kvcache-ai/ktransformers	105359b4bf70073af9fab992ad29920666acccc9	0
Python	kvcache-ai/ktransformers	4bf0974553a7e6e4041352f4356f275624791100	0
Python	kvcache-ai/ktransformers	0b954fe4ca2f9e79519da66156e6a3f92b686232	0
Python	kvcache-ai/ktransformers	0dce4c9b097710951d1b3e232f50b973ff0a5505	0
Python	kvcache-ai/ktransformers	f312728aa9655881b622bbb5d63a21b454ea1f38	0
Python	kvcache-ai/ktransformers	4882505c9a66a6784b3360a1b6ba9b23d53d0291	0
Python	kvcache-ai/ktransformers	105cee4bd1dce07369a254cad7727da44a30a890	3
Python	kvcache-ai/ktransformers	440df948027128318bc30a11a545433eb0c7d383	1
Python	huggingface/trl	9fa0abbd2999fab19e7894cbb9a5cabb42ba4e96	7
Python	huggingface/trl	2270d95a3739a4bb6ae53c942a521bd0aa5dde22	51
Python	huggingface/trl	b29d4bea3fa874c8b0154a78b7ad59bb5a6df674	8
Python	huggingface/trl	468876877598b8913a00c8bff1218781d1c99cab	8
Python	huggingface/trl	d947c4f5098c8d6ca30ea7ff58b98e6570fd6a01	2
Python	huggingface/trl	4c2d04825b7129140b8e8ed07c8399debe06f7bd	0
Python	huggingface/trl	e8f888454cea71d2c387d049a8488ca537aba382	1
Python	huggingface/trl	0f23835538872e6405431110fe415f95f06ce636	1
Python	huggingface/trl	6de4f740b1280605dd1124521a6d1cb525263808	1
Python	huggingface/trl	05ce0987c7deb4cd45c776e51c8cdf0174aee000	15
