repository	tool	scope	run	exit	report	ms
refactoringhq/tolaria	eslint	whole	1	134	no	73373
refactoringhq/tolaria	eslint	whole	2	134	no	72835
refactoringhq/tolaria	eslint	whole	3	134	no	72622
refactoringhq/tolaria	eslint	whole	4	134	no	71030
refactoringhq/tolaria	eslint	whole	5	134	no	72075
refactoringhq/tolaria	eslint	20	1	1	yes	1913
refactoringhq/tolaria	eslint	20	2	1	yes	1229
refactoringhq/tolaria	eslint	20	3	1	yes	1212
refactoringhq/tolaria	eslint	20	4	1	yes	1235
refactoringhq/tolaria	eslint	20	5	1	yes	1215
refactoringhq/tolaria	eslint-injection	whole	1	134	no	70398
refactoringhq/tolaria	eslint-injection	whole	2	134	no	69598
refactoringhq/tolaria	eslint-injection	whole	3	134	no	70390
refactoringhq/tolaria	eslint-injection	whole	4	134	no	70921
refactoringhq/tolaria	eslint-injection	whole	5	134	no	70177
refactoringhq/tolaria	eslint-injection	20	1	1	yes	1274
refactoringhq/tolaria	eslint-injection	20	2	1	yes	1055
refactoringhq/tolaria	eslint-injection	20	3	1	yes	1032
refactoringhq/tolaria	eslint-injection	20	4	1	yes	1030
refactoringhq/tolaria	eslint-injection	20	5	1	yes	1056
refactoringhq/tolaria	semgrep	whole	1	0	yes	9028
refactoringhq/tolaria	semgrep	whole	2	0	yes	6981
refactoringhq/tolaria	semgrep	whole	3	0	yes	6804
refactoringhq/tolaria	semgrep	whole	4	0	yes	6778
refactoringhq/tolaria	semgrep	whole	5	0	yes	6790
refactoringhq/tolaria	semgrep	20	1	0	yes	1383
refactoringhq/tolaria	semgrep	20	2	0	yes	1293
refactoringhq/tolaria	semgrep	20	3	0	yes	1311
refactoringhq/tolaria	semgrep	20	4	0	yes	1295
refactoringhq/tolaria	semgrep	20	5	0	yes	1316
refactoringhq/tolaria	gitleaks	whole	1	0	yes	3875
refactoringhq/tolaria	gitleaks	whole	2	0	yes	3857
refactoringhq/tolaria	gitleaks	whole	3	0	yes	3870
refactoringhq/tolaria	gitleaks	whole	4	0	yes	3762
refactoringhq/tolaria	gitleaks	whole	5	0	yes	3747
whyour/qinglong	eslint-injection	whole	1	1	yes	5607
whyour/qinglong	eslint-injection	whole	2	1	yes	4795
whyour/qinglong	eslint-injection	whole	3	1	yes	4834
whyour/qinglong	eslint-injection	whole	4	1	yes	4829
whyour/qinglong	eslint-injection	whole	5	1	yes	4835
whyour/qinglong	eslint-injection	20	1	0	yes	3086
whyour/qinglong	eslint-injection	20	2	0	yes	3088
whyour/qinglong	eslint-injection	20	3	0	yes	3113
whyour/qinglong	eslint-injection	20	4	0	yes	3071
whyour/qinglong	eslint-injection	20	5	0	yes	3133
apollographql/apollo-client	eslint-injection	whole	1	1	yes	27247
apollographql/apollo-client	eslint-injection	whole	2	1	yes	26770
apollographql/apollo-client	eslint-injection	whole	3	1	yes	26468
apollographql/apollo-client	eslint-injection	whole	4	1	yes	26830
apollographql/apollo-client	eslint-injection	whole	5	1	yes	26466
apollographql/apollo-client	eslint-injection	20	1	1	yes	1662
apollographql/apollo-client	eslint-injection	20	2	1	yes	1684
apollographql/apollo-client	eslint-injection	20	3	1	yes	1655
apollographql/apollo-client	eslint-injection	20	4	1	yes	1659
apollographql/apollo-client	eslint-injection	20	5	1	yes	1648
Open-Dev-Society/OpenStock	eslint-injection	whole	1	1	yes	3088
Open-Dev-Society/OpenStock	eslint-injection	whole	2	1	yes	2525
Open-Dev-Society/OpenStock	eslint-injection	whole	3	1	yes	2544
Open-Dev-Society/OpenStock	eslint-injection	whole	4	1	yes	2674
Open-Dev-Society/OpenStock	eslint-injection	whole	5	1	yes	2521
Open-Dev-Society/OpenStock	eslint-injection	20	1	0	yes	2189
Open-Dev-Society/OpenStock	eslint-injection	20	2	0	yes	2165
Open-Dev-Society/OpenStock	eslint-injection	20	3	0	yes	2195
Open-Dev-Society/OpenStock	eslint-injection	20	4	0	yes	2196
Open-Dev-Society/OpenStock	eslint-injection	20	5	0	yes	2194
mountain-loop/yaak	eslint-injection	whole	1	1	yes	13346
mountain-loop/yaak	eslint-injection	whole	2	1	yes	12512
mountain-loop/yaak	eslint-injection	whole	3	1	yes	12519
mountain-loop/yaak	eslint-injection	whole	4	1	yes	12555
mountain-loop/yaak	eslint-injection	whole	5	1	yes	12417
mountain-loop/yaak	eslint-injection	20	1	0	yes	2173
mountain-loop/yaak	eslint-injection	20	2	0	yes	2159
mountain-loop/yaak	eslint-injection	20	3	0	yes	2146
mountain-loop/yaak	eslint-injection	20	4	0	yes	2162
mountain-loop/yaak	eslint-injection	20	5	0	yes	2193
teng-lin/notebooklm-py	ruff	whole	1	0	yes	181
teng-lin/notebooklm-py	ruff	whole	2	0	yes	112
teng-lin/notebooklm-py	ruff	whole	3	0	yes	113
teng-lin/notebooklm-py	ruff	whole	4	0	yes	113
teng-lin/notebooklm-py	ruff	whole	5	0	yes	113
teng-lin/notebooklm-py	ruff	20	1	0	yes	29
teng-lin/notebooklm-py	ruff	20	2	0	yes	28
teng-lin/notebooklm-py	ruff	20	3	0	yes	29
teng-lin/notebooklm-py	ruff	20	4	0	yes	28
teng-lin/notebooklm-py	ruff	20	5	0	yes	30
teng-lin/notebooklm-py	semgrep	whole	1	0	yes	2476
teng-lin/notebooklm-py	semgrep	whole	2	0	yes	2570
teng-lin/notebooklm-py	semgrep	whole	3	0	yes	2509
teng-lin/notebooklm-py	semgrep	whole	4	0	yes	2467
teng-lin/notebooklm-py	semgrep	whole	5	0	yes	2485
teng-lin/notebooklm-py	semgrep	20	1	0	yes	1292
teng-lin/notebooklm-py	semgrep	20	2	0	yes	1282
teng-lin/notebooklm-py	semgrep	20	3	0	yes	1290
teng-lin/notebooklm-py	semgrep	20	4	0	yes	1283
teng-lin/notebooklm-py	semgrep	20	5	0	yes	1290
teng-lin/notebooklm-py	gitleaks	whole	1	0	yes	22767
teng-lin/notebooklm-py	gitleaks	whole	2	0	yes	22286
teng-lin/notebooklm-py	gitleaks	whole	3	0	yes	22196
teng-lin/notebooklm-py	gitleaks	whole	4	0	yes	22521
teng-lin/notebooklm-py	gitleaks	whole	5	0	yes	22111
