repository	tool	old	new	only old	only new
refactoringhq/tolaria	eslint	-	60	-	-
refactoringhq/tolaria	semgrep	1	1	0	0
refactoringhq/tolaria	gitleaks	22	23	0	1
whyour/qinglong	eslint	352	350	10	8
whyour/qinglong	semgrep	51	51	0	0
whyour/qinglong	gitleaks	0	0	0	0
apollographql/apollo-client	eslint	-	371	-	-
apollographql/apollo-client	semgrep	0	0	0	0
apollographql/apollo-client	gitleaks	0	0	0	0
Open-Dev-Society/OpenStock	eslint	128	127	1	0
Open-Dev-Society/OpenStock	semgrep	3	3	0	0
Open-Dev-Society/OpenStock	gitleaks	0	0	0	0
mountain-loop/yaak	eslint	182	185	0	3
mountain-loop/yaak	semgrep	4	4	0	0
mountain-loop/yaak	gitleaks	12	12	0	0
mikf/gallery-dl	ruff	446	442	4	0
mikf/gallery-dl	semgrep	11	11	0	0
mikf/gallery-dl	gitleaks	32	34	0	2
astral-sh/ty	ruff	19	19	0	0
astral-sh/ty	semgrep	0	0	0	0
astral-sh/ty	gitleaks	0	0	0	0
teng-lin/notebooklm-py	ruff	1704	1701	8	5
teng-lin/notebooklm-py	semgrep	3	3	0	0
teng-lin/notebooklm-py	gitleaks	103	103	0	0
kvcache-ai/ktransformers	ruff	6132	6123	20	11
kvcache-ai/ktransformers	semgrep	1	1	0	0
kvcache-ai/ktransformers	gitleaks	12	12	0	0
huggingface/trl	ruff	425	422	5	2
huggingface/trl	semgrep	0	0	0	0
huggingface/trl	gitleaks	0	0	0	0
