task_id	ordinal	source	workflow_path	job	step	working_directory	condition	shell	command	notes
task-rust-repeat	1	populations.tsv explicit							cargo test -- --quiet	
task-ts-flow-feedback	1	populations.tsv explicit							turbo build --filter '@giselle-sdk/*' --filter giselle-sdk --cache=local:rw	
task-ts-flow-feedback	2	populations.tsv explicit							turbo check-types --cache=local:rw	
task-ts-flow-feedback	3	populations.tsv explicit							turbo test --cache=local:rw	
task-py-tooltip	1	populations.tsv explicit							python -m compileall dev_scripts/PhyloTreeUMAP.py	
task-rust-trig	1	workflow	.github/workflows/ci.yaml	lint	Format				rustup toolchain install nightly\nrustup component add rustfmt --toolchain nightly\ncargo +nightly fmt --check	
task-rust-trig	2	workflow	.github/workflows/ci.yaml	lint	Lint				cargo clippy --all --all-features -- --deny warnings	
task-rust-trig	3	workflow	.github/workflows/ci.yaml	build	Unit tests				cargo test -- --skip slt/	
task-rust-trig	4	workflow	.github/workflows/ci.yaml	build	SQL Logic Tests (standard)		always()		./scripts/run_slt_standard.sh	
task-rust-trig	5	workflow	.github/workflows/ci.yaml	build	Extension - tpch_gen (SLT)		always()		cargo test slt/tpch_gen	
task-rust-trig	6	workflow	.github/workflows/ci.yaml	build	Extension - csv (SLT)		always()		cargo test slt/csv	
task-rust-trig	7	workflow	.github/workflows/ci.yaml	build	Extension - parquet (SLT)		always()		cargo test slt/parquet	
task-rust-trig	8	workflow	.github/workflows/ci.yaml	build	File System - S3 public (SLT)		always()		cargo test slt/s3/public	
task-rust-trig	9	workflow	.github/workflows/ci.yaml	build	File System - S3 private (SLT)		always()		cargo test slt/s3/private	workflow env requires AWS_KEY/AWS_SECRET; record unavailable if verifier host lacks them
task-rust-trig	10	workflow	.github/workflows/ci.yaml	wasm	Build wasm				wasm-pack build crates/glaredb_wasm/ --scope glaredb	preceding Install wasm-pack step is setup, not a project-check row
task-ts-view-mode	1	workflow	.github/workflows/ci.yml	lint	Lint				pnpm lint && pnpm exec sherif	
task-ts-view-mode	2	workflow	.github/workflows/ci.yml	typecheck	Typecheck				pnpm typecheck	
task-ts-view-mode	3	workflow	.github/workflows/ci.yml	tests	Shared Package Tests	packages/shared			pnpm test	
task-ts-view-mode	4	workflow	.github/workflows/ci.yml	tests	TRPC Tests	packages/trpc			pnpm test	
task-ts-view-mode	5	workflow	.github/workflows/ci.yml	tests	E2E Tests	packages/e2e_tests			pnpm test	
task-ts-view-mode	6	workflow	.github/workflows/ci.yml	open-api-spec	Check for changes				if [[ -n "$(git status --porcelain)" ]]; then\n  echo "Error: Generated files are not up to date!"\n  echo "The following files have changes:"\n  git status --porcelain\n  echo ""\n  echo "Please regenerate the files locally with (pnpm run generate) and commit the changes."\n  git diff\n  exit 1\nelse\n  echo "✅ Generated files are up to date!"\nfi	workflow prerequisite includes Regenerate OpenAPI spec in packages/open-api; execute prerequisite as setup but do not count it as a project check
task-py-directory	1	workflow	.github/workflows/test.yml	test	Run type checks				just typecheck	
task-py-directory	2	workflow	.github/workflows/test.yml	test	Run type checks				just typecheck	duplicate step preserved exactly from frozen workflow
task-py-directory	3	workflow	.github/workflows/test.yml	test	Run linting				just lint	
task-py-directory	4	workflow	.github/workflows/test.yml	test	Run tests				uv pip install pytest pytest-cov\njust test	workflow setup/install steps outside this run block remain verifier setup, not project-check rows
task-rust-toggle-tree	1	workflow	.github/workflows/ci.yml	test	Clean target directory (Windows)		matrix.os == 'windows-latest'	pwsh	if (Test-Path target) { Remove-Item -Recurse -Force target }	
task-rust-toggle-tree	2	workflow	.github/workflows/ci.yml	test	Build workspace (Windows)		matrix.os == 'windows-latest'	pwsh	$attempts = 3\nfor ($i = 1; $i -le $attempts; $i++) {\n  Write-Host "Build attempt $i of $attempts"\n  cargo build --workspace --verbose\n  if ($LASTEXITCODE -eq 0) { break }\n  if ($i -lt $attempts) {\n    Write-Host "Build failed, retrying in 5 seconds..."\n    Start-Sleep -Seconds 5\n    Get-ChildItem -Path target -Include *.pdb -Recurse | Remove-Item -Force -ErrorAction SilentlyContinue\n  }\n}\nif ($LASTEXITCODE -ne 0) { exit $LASTEXITCODE }	
task-rust-toggle-tree	3	workflow	.github/workflows/ci.yml	test	Build workspace (Non-Windows)		matrix.os != 'windows-latest'		cargo build --workspace --verbose	
task-rust-toggle-tree	4	workflow	.github/workflows/ci.yml	test	Run tests		matrix.os == 'windows-latest'		cargo test --workspace --verbose  -- --test-threads=1	
task-rust-toggle-tree	5	workflow	.github/workflows/rust-format.yml	format	Check formatting				cargo fmt -- --check	
task-ts-jitless-csp	1	workflow	.github/workflows/test.yml	test-node	unnamed run step #3				pnpm build	prior pnpm install/add steps are workflow setup and excluded as install steps
task-ts-jitless-csp	2	workflow	.github/workflows/test.yml	test-node	unnamed run step #4				pnpm test	
task-ts-jitless-csp	3	workflow	.github/workflows/test.yml	test-node	unnamed run step #5				pnpm run --filter @zod/resolution test:all	
task-ts-jitless-csp	4	workflow	.github/workflows/test.yml	test-node	unnamed run step #6				pnpm run --filter @zod/integration test:all	
task-ts-jitless-csp	5	workflow	.github/workflows/test.yml	lint	unnamed run step #2				pnpm format:check	prior pnpm install step is workflow setup and excluded as an install step
task-ts-jitless-csp	6	workflow	.github/workflows/test.yml	lint	unnamed run step #3				pnpm lint:check	
task-ts-jitless-csp	7	workflow	.github/workflows/test.yml	check-circular	unnamed run step #2				pnpm check:circular	prior pnpm install step is workflow setup and excluded as an install step
task-py-nan-matrices	1	workflow	.github/workflows/test.yaml	test	Run tests				python -m pytest --durations=20 -W error	matrix setup/install is verifier setup and excluded from project-check rows
