id	family	source_ticket	languages	eligibility_rule	finding_unit	measurement_basis	known_holes	candidate_placement	candidate_strength	repair_surface	identity_semantics	denominator	detector_version
shipped-complexity	complexity	shipped/#361	Rust|TypeScript|Python	change touches a supported source file and complexity returns a complete measurement	function site	current klin complexity at study_commit	splitting/folding can legitimately clear the metric; nested-function line semantics remain a known limit	Stop	shipped-block	current gate claim/site/remedy	#425 versioned structural identity where supported	eligible changed functions whose before/after complexity is measurable	study_commit:src/complexity.rs
shipped-escapes	escapes	shipped/#361	Rust|TypeScript|Python	change touches a supported source file and escapes returns a complete measurement	escape/suppression site	current klin escapes at study_commit	equivalent spellings listed by #361 remain uncovered; a missed spelling is not a clean claim	Stop	shipped-block	current gate claim/site/remedy	current family site identity	eligible changed lines/sites read by escapes	study_commit:src/escapes.rs
shipped-stubs	stubs	shipped/#361	Rust|TypeScript|Python	change touches a supported source file and stubs returns a complete measurement	stub site	current klin stubs at study_commit	reworded markers and unsupported body shapes remain known gaps	Stop	shipped-block	current gate claim/site/remedy	current family site identity	eligible changed source sites read by stubs	study_commit:src/stubs.rs
shipped-test-deletion	test-integrity	shipped/#361/#353	Rust|TypeScript|Python	change contains a test identity visible to inventory in before and after/deletion state	test identity	current inventory deletion judgement at study_commit	inline/renamed tests and comment-out routes documented by #361/#353; unsupported identity is partial	Stop	shipped-block	current inventory question/remedy	current inventory test identity	eligible before-tree tests whose identity can be compared	study_commit:src/inventory.rs
shipped-test-skip	test-integrity	shipped/#361/#353	Rust|TypeScript|Python	change contains a test or skip site visible to inventory/escapes	skip site	current inventory+escapes judgement at study_commit	constant-through-variable and unsupported skip spellings remain known gaps	Stop	shipped-block	current inventory/escapes message	current family site identity	eligible changed tests and skip sites read by the shipped detectors	study_commit:src/inventory.rs+src/escapes.rs
shipped-dead-symbols	dead-addition	shipped/#361/#425	Rust|TypeScript	change touches a supported structural source file and dead-symbols is complete	declaration	current klin dead-symbols at study_commit	export/void/pub(crate)/let_ routes are known limits; parser/module holes are not clean	Stop	shipped-block	current gate claim/site/remedy	#425 versioned optional identity where frozen; otherwise legacy matcher	eligible changed declarations classified by dead-symbols	study_commit:src/dead_symbols.rs
shipped-reachability	reachability	shipped/#361/#425	Rust|TypeScript	change touches a supported structural source file and reachability is complete	file/module reachability site	current klin reachability at study_commit	test-only/reexport/out-of-family limitations from #361; known-local dependency holes are partial	Stop	shipped-block	current gate claim/site/remedy	current family-specific reachability identity	eligible changed modules/files in the proved ModuleGraph	study_commit:src/reachability.rs
shipped-lockfile	lock-consistency	shipped/#361/#364	Rust|TypeScript	change touches a manifest/lock pair klin reads	dependency lock site	current klin lockfile at study_commit	offline reader cannot prove registry existence or that a human did not fabricate an entry	Stop	shipped-block	current gate claim/site/remedy	dependency name+ecosystem identity	eligible direct dependencies/manifests in supported Rust/npm lock pairs	study_commit:src/lockfile.rs
shipped-module-cycle	architecture-cycle	shipped/#361/#445	Rust|TypeScript	change has supported ModuleGraph facts; study config enables acyclic over all discovered source roots	new dependency edge closing a new module cycle	current klin layering acyclic judgement at study_commit	dynamic/macro dependencies remain unproved; recognized TS aliases must be edge or located hole, never silently external	Stop	shipped-block	current layering cycle message	dependency site byte-offset/path identity where available	eligible proved local dependency edges in the configured source roots	study_commit:src/layering.rs+src/modules
shipped-public-api	public-contract	shipped/#361/#425	Rust|TypeScript	change has a supported Cargo library or TypeScript package surface	public contract item	current klin public-api at study_commit	optional parameters/overloads are intentionally contract changes; unsupported inferred/macro forms are known limits	Stop	shipped-block	current gate claim/site/remedy	current family-specific public-api identity	eligible public items on supported surfaces	study_commit:src/public_api.rs
test-all-checks-removed	test-integrity	#353	Rust|TypeScript	a before/after test is observable before and not observable after	test	#353 prototype candidate all-checks-removed	guard/swallow/shadow-fake appeasement routes remain; REVIEW only	Finalize/REVIEW	research-review	explain lost observability; allow justified review	#353 test identity and shape	eligible tests observable in before and held in both trees	study_commit:docs/test-integrity-2026-10-02
test-weakened-rust	test-integrity	#353	Rust	a kept test loses a non-tautological check and replacement of same actual/error family has lower strength	check	#353 prototype candidate weakened	Rust precision is still sparsely measured; guard/swallow routes remain	Finalize/REVIEW	research-review	explain before/after check strength	#353 test+check family/actual/expected identity	eligible gone Rust checks with comparable replacements	study_commit:docs/test-integrity-2026-10-02
test-disabled	test-integrity	#353	Rust|TypeScript	a new disabling shape from #353 candidate disabled is measurable	test disable site	#353 prototype candidate disabled	variable-driven/feature-driven disablement can evade; REVIEW only	Finalize/REVIEW	research-review	explain concrete disabling shape	#353 test identity+disable shape	eligible after-tree tests for which before disable state is known	study_commit:docs/test-integrity-2026-10-02
test-expected-mirrors-production	test-integrity	#353	Rust|TypeScript	same actual/error check changes expected text and same literal pair changes in production	check	#353 prototype expected-changed shape mirrors-production	same diff can be the task's intended behavior; evidence only	Finalize/REVIEW	research-note	show correlated production/test expectation change; do not demand repair	#353 check identity	eligible comparable checks whose expected text changed	study_commit:docs/test-integrity-2026-10-02
test-new-unchecked	test-integrity	#353	Rust|TypeScript	new test has no observable check and shape is none, not tautology-only	test	#353 prototype new-test-unchecked shape none	smoke/side-effect tests may be legitimate; cheap appeasement can add meaningless observability	Finalize/REVIEW	research-review	explain absent observable verification; human intent allowed	#353 new test identity	eligible tests present only in after tree	study_commit:docs/test-integrity-2026-10-02
design-family-bypass	design-reuse	#355	Rust|TypeScript	new sibling-like type can be compared to a directory family	family/type relation	#355 family-bypass predicate; frozen prototype at study_commit	requires resolved type/trait identity; split attack remains; unresolved relation is not a finding	Finalize/REVIEW	research-review	show family evidence/reasons and exception context	#355 type+family+directory relation	eligible new types for which family/type identity is proved	study_commit:docs/design-conformance-2026-10-02/prototype
design-registration-bypass	design-reuse	#355	Rust|TypeScript	new family member/branch can be compared to a proved registration	family/member/registration relation	#355 registration-bypass predicate; frozen prototype at study_commit	requires resolved family/member/binding identity; dynamic registration is unknown	Finalize/REVIEW	research-review	show registration and direct-use/branch evidence	#355 family+member+registration identity	eligible new members/branches with proved registration identity	study_commit:docs/design-conformance-2026-10-02/prototype
design-wrapper-bypass	design-reuse	#355	Rust|TypeScript	a specific callee and its sole base wrapper are resolved	callee/wrapper relation	#355 wrapper-bypass predicate; frozen prototype at study_commit	requires resolved callees; alias/use can hide relation; no tested exception form	Finalize/REVIEW	research-review	show wrapper, callee, and new bypass call	#355 callee+wrapper+enclosing-function relation	eligible new calls whose callee and base wrapper are proved	study_commit:docs/design-conformance-2026-10-02/prototype
design-component-cycle	architecture-cycle	#355/#445	TypeScript	local TS dependency edges are proved or explicitly located as local-resolution holes	component edge closing a new component cycle	#355 component-cycle predicate over the study_commit ModuleGraph resolution semantics	new precision measurement required after #445; any relevant located hole makes the claim partial	Finalize/REVIEW	research-review	show the closing component edge and return path	ordered component edge + supporting proved dependency sites	eligible proved local TS dependency edges grouped by source-root component	study_commit:#355-predicate+#445-ModuleGraph
unfinished-ellipsis-body	unfinished-work	#362	Python	new/worsened Python function body is only ... after docstring exclusion	function body	#362 ellipsis-body predicate	variable/alternate placeholder spellings are outside this exact claim	Finalize/REVIEW	research-review	state that the function body is only ellipsis	#362 function path+owner/name identity	eligible new/worsened Python function bodies	study_commit:docs/unfinished-code-2026-10-02/prototype
unfinished-throw-body	unfinished-work	#362	Python	new/worsened Python function body is only raise under #362 exclusions	function body	#362 throw-body predicate	legitimate throw helpers need intent; message-through-variable evades	Finalize/REVIEW	research-review	state that the function body only raises	#362 function path+owner/name identity	eligible new/worsened Python function bodies	study_commit:docs/unfinished-code-2026-10-02/prototype
error-empty-handler	error-masking	#362	Python	new/worsened Python handler matches #362 empty-handler after exclusions	handler	#362 empty-handler predicate	narrow tuple/rewording routes remain; intentional cleanup handlers are hard negatives	Finalize/REVIEW	research-review	state what error handling is discarded	#362 handler path+site identity	eligible new/worsened Python exception handlers	study_commit:docs/unfinished-code-2026-10-02/prototype
error-default-handler	error-masking	#362	Python	new/worsened Python handler only returns a #362 constant default	handler	#362 default-handler predicate	legitimate documented fallback is a hard negative	Finalize/REVIEW	research-review	state swallowed error and returned default	#362 handler path+site identity	eligible new/worsened Python exception handlers	study_commit:docs/unfinished-code-2026-10-02/prototype
error-broad-handler	error-masking	#362	Python	new/worsened broad Python handler does not propagate and is not taken by narrower handler candidates	handler	#362 broad-handler predicate	broad handling can be legitimate at process/external boundaries; REVIEW at most	Finalize/REVIEW	research-review	state caught breadth and lack of propagation	#362 handler path+site identity	eligible new/worsened Python exception handlers	study_commit:docs/unfinished-code-2026-10-02/prototype
python-uv-lock	lock-consistency	#364	Python	tree holds pyproject/uv.lock pair and candidate-2a parsing is complete	dependency lock site	#364 python-lock/uv.lock predicate	coverage only for uv.lock; source/hash semantics beyond candidate-2a remain separately bounded	Stop	research-block-candidate	lockfile-style concrete dependency remedy	package name+manifest/lock identity	eligible direct Python dependencies in pyproject/uv.lock projects	study_commit:docs/dependency-evidence-2026-10-02/prototype
cargo-lock-entry-shape	lock-provenance	#364	Rust	tree holds Cargo.lock registry entries parseable by candidate 2b	lock package entry	#364 Cargo entry-shape predicate	does not cryptographically verify checksum content; project install remains stronger evidence	Stop	research-block-candidate	explain malformed/missing registry source/checksum	package name+version+source identity	eligible Cargo.lock registry package entries	study_commit:docs/dependency-evidence-2026-10-02/prototype
new-direct-dependency	dependency-review	#364	Rust|TypeScript|Python	after manifests add a direct non-path/non-git/non-workspace dependency name	dependency name	#364 candidate 3 added dependency	it claims nothing about package quality/existence and must not prescribe removal	Finalize/REVIEW	research-note	surface the new dependency as a human decision	ecosystem+normalized direct dependency name	eligible direct manifest dependency names with before/after manifests	study_commit:docs/dependency-evidence-2026-10-02/prototype
ruff-python-injection	external-review	#363	Python	changed Python file is accepted by Ruff and named recipe completes for that file	Ruff finding in S102|S307|S602|S604|S605|S608	Ruff 0.16.10 --isolated --no-cache --ignore-noqa over changed files	ordinary sample had no appropriate site; invalid syntax is measurement state, not green	Finalize+CI	research-review	rule id+message plus klin review framing	Ruff rule+path+region under exact recipe basis	changed Python files successfully analyzed by the exact recipe	Ruff-0.16.10:S102,S307,S602,S604,S605,S608
ruff-python-swallowed	external-review	#363	Python	changed Python file is accepted by Ruff and named recipe completes for that file	Ruff finding in BLE001|S110|S112	Ruff 0.16.10 --isolated --no-cache --ignore-noqa over changed files	#363 observed narrowed-handler appeasement; invalid syntax is measurement state, not green	Finalize+CI	research-review	rule id+message plus explicit behavior-preserving repair framing	Ruff rule+path+region under exact recipe basis	changed Python files successfully analyzed by the exact recipe	Ruff-0.16.10:BLE001,S110,S112
