ordinary	louis-e/arnis	7e9a4344c5	2026-09-28T18:53:15+03:00	crates	libc	Cargo.toml	public
ordinary	refactoringhq/tolaria	44740e4ae1	2026-09-25T23:50:17+02:00	npm	pdfjs-dist	package.json	public
ordinary	whyour/qinglong	f168efcdae	2026-09-27T22:18:39+08:00	npm	node-cron	package.json	public
ordinary	whyour/qinglong	801a71d740	2026-09-25T23:24:41+08:00	npm	commander	cli/package.json	public
ordinary	whyour/qinglong	801a71d740	2026-09-25T23:24:41+08:00	npm	esbuild	cli/package.json	public
ordinary	apollographql/apollo-client	0c925a4348	2026-09-11T12:31:04-06:00	npm	@graphql-codegen/core	codegen/package.json	public
ordinary	astral-sh/ty	8e4aef298a	2026-09-24T19:05:54+01:00	pypi	cargo-zigbuild	pyproject.toml	public
ordinary	teng-lin/notebooklm-py	af19e326e6	2026-09-27T18:35:36-04:00	pypi	idna	pyproject.toml	public
stratum	firecrawl/pdf-inspector	9d3caa4c20	2026-09-20T00:26:41-07:00	crates	unicode-bidi	Cargo.toml	public
stratum	firecrawl/pdf-inspector	e460a45f73	2026-08-16T23:55:52-07:00	crates	ureq	Cargo.toml	public
stratum	firecrawl/pdf-inspector	12d30b43b0	2026-08-16T23:55:51-07:00	crates	image	Cargo.toml	public
stratum	firecrawl/pdf-inspector	12d30b43b0	2026-08-16T23:55:51-07:00	crates	oar-ocr	Cargo.toml	public
stratum	firecrawl/pdf-inspector	12d30b43b0	2026-08-16T23:55:51-07:00	crates	ort	Cargo.toml	public
stratum	firecrawl/pdf-inspector	dd467dd78d	2026-08-16T23:55:51-07:00	crates	dirs	Cargo.toml	public
stratum	firecrawl/pdf-inspector	dd467dd78d	2026-08-16T23:55:51-07:00	crates	fs2	Cargo.toml	public
stratum	firecrawl/pdf-inspector	dd467dd78d	2026-08-16T23:55:51-07:00	crates	sha2	Cargo.toml	public
stratum	firecrawl/pdf-inspector	dd467dd78d	2026-08-16T23:55:51-07:00	crates	windows-sys	Cargo.toml	public
stratum	firecrawl/pdf-inspector	d9b83993df	2026-08-16T23:55:51-07:00	crates	firecrawl-pdfium	Cargo.toml	public
stratum	firecrawl/pdf-inspector	98990cc550	2026-08-03T10:09:23-07:00	npm	@firecrawl/pdf-inspector-linux-arm64-gnu	napi/package.json	public
stratum	firecrawl/pdf-inspector	98990cc550	2026-08-03T10:09:23-07:00	npm	@firecrawl/pdf-inspector-linux-arm64-musl	napi/package.json	public
stratum	firecrawl/pdf-inspector	98990cc550	2026-08-03T10:09:23-07:00	npm	@firecrawl/pdf-inspector-linux-x64-musl	napi/package.json	public
stratum	firecrawl/pdf-inspector	5b287341a0	2026-07-17T14:09:43-07:00	crates	console_error_panic_hook	wasm/Cargo.toml	public
stratum	firecrawl/pdf-inspector	5b287341a0	2026-07-17T14:09:43-07:00	crates	include_dir	Cargo.toml	public
stratum	firecrawl/pdf-inspector	5b287341a0	2026-07-17T14:09:43-07:00	crates	js-sys	wasm/Cargo.toml	public
stratum	firecrawl/pdf-inspector	5b287341a0	2026-07-17T14:09:43-07:00	crates	serde	wasm/Cargo.toml	public
stratum	firecrawl/pdf-inspector	5b287341a0	2026-07-17T14:09:43-07:00	crates	serde-wasm-bindgen	wasm/Cargo.toml	public
stratum	firecrawl/pdf-inspector	5b287341a0	2026-07-17T14:09:43-07:00	crates	wasm-bindgen	wasm/Cargo.toml	public
stratum	firecrawl/pdf-inspector	5b287341a0	2026-07-17T14:09:43-07:00	crates	wasm-bindgen-test	wasm/Cargo.toml	public
stratum	firecrawl/pdf-inspector	c80bedf4bd	2026-07-14T20:11:19-07:00	npm	@firecrawl/pdf-inspector-darwin-arm64	napi/package.json	public
stratum	firecrawl/pdf-inspector	c80bedf4bd	2026-07-14T20:11:19-07:00	npm	@firecrawl/pdf-inspector-linux-x64-gnu	napi/package.json	public
stratum	firecrawl/pdf-inspector	c80bedf4bd	2026-07-14T20:11:19-07:00	npm	@firecrawl/pdf-inspector-win32-x64-msvc	napi/package.json	public
stratum	firecrawl/pdf-inspector	85890648c9	2026-06-05T10:50:05-07:00	crates	lopdf	Cargo.toml	public
stratum	firecrawl/pdf-inspector	86476eb6b2	2026-04-02T12:18:53-07:00	crates	pyo3	Cargo.toml	public
stratum	firecrawl/pdf-inspector	86476eb6b2	2026-04-02T12:18:53-07:00	pypi	maturin	pyproject.toml	public
stratum	gfx-rs/wgpu	818586c4d1	2026-09-01T14:54:46-07:00	crates	scopeguard	Cargo.toml	public
stratum	gfx-rs/wgpu	80693405c4	2026-08-14T20:47:05-04:00	crates	lock_api	Cargo.toml	public
stratum	gfx-rs/wgpu	667b53cbef	2026-08-05T08:14:28-04:00	crates	proptest	Cargo.toml	public
stratum	gfx-rs/wgpu	d0ecda96cd	2026-07-30T06:16:43-04:00	crates	paste	Cargo.toml	public
stratum	gfx-rs/wgpu	35743f2848	2026-06-29T14:31:39-04:00	crates	ureq	Cargo.toml	public
stratum	gfx-rs/wgpu	35743f2848	2026-06-29T14:31:39-04:00	npm	@playwright/browser-chromium	tests/wasm/runner/package.json	public
stratum	gfx-rs/wgpu	35743f2848	2026-06-29T14:31:39-04:00	npm	express	tests/wasm/runner/package.json	public
stratum	gfx-rs/wgpu	35743f2848	2026-06-29T14:31:39-04:00	npm	playwright	tests/wasm/runner/package.json	public
stratum	gfx-rs/wgpu	3fb225a9c6	2026-06-26T03:52:05Z	crates	objc2-core-graphics	Cargo.toml	public
stratum	gfx-rs/wgpu	013ed8769e	2026-04-08T19:32:00Z	crates	windows-result	Cargo.toml	public
stratum	gfx-rs/wgpu	5bc99d51b7	2026-03-26T18:15:01-04:00	crates	drm	wgpu-hal/Cargo.toml	public
stratum	gfx-rs/wgpu	098aaae40a	2026-03-24T13:52:54-06:00	crates	exhaust	Cargo.toml	public
stratum	gfx-rs/wgpu	f778c388be	2026-03-16T17:12:12Z	crates	rspirv	Cargo.toml	public
stratum	gfx-rs/wgpu	f778c388be	2026-03-16T17:12:12Z	crates	spirv	Cargo.toml	public
stratum	louis-e/arnis	7e9a4344c5	2026-09-28T18:53:15+03:00	crates	libc	Cargo.toml	public
stratum	louis-e/arnis	044c606978	2026-09-04T17:10:40+03:00	crates	crc	Cargo.toml	public
stratum	louis-e/arnis	044c606978	2026-09-04T17:10:40+03:00	crates	sha2	Cargo.toml	public
stratum	louis-e/arnis	17cdd620f2	2026-08-10T22:38:06+02:00	crates	quick-xml	Cargo.toml	public
stratum	louis-e/arnis	7e2ba53b3b	2026-06-14T17:14:20+02:00	crates	mimalloc	Cargo.toml	public
stratum	louis-e/arnis	7e2ba53b3b	2026-06-14T17:14:20+02:00	crates	sysinfo	Cargo.toml	public
stratum	louis-e/arnis	b2259edc9c	2026-05-19T16:25:54+02:00	crates	rusqlite	Cargo.toml	public
stratum	louis-e/arnis	b2259edc9c	2026-05-19T16:25:54+02:00	crates	zstd	Cargo.toml	public
stratum	louis-e/arnis	011757baab	2026-05-17T22:11:11+02:00	crates	gltf	Cargo.toml	public
stratum	louis-e/arnis	9a21648636	2026-04-21T17:08:32+02:00	crates	tiff	Cargo.toml	public
stratum	louis-e/arnis	eb975a5eb5	2026-04-06T01:19:24+02:00	crates	bytes	Cargo.toml	public
stratum	louis-e/arnis	eb975a5eb5	2026-04-06T01:19:24+02:00	crates	parquet	Cargo.toml	public
stratum	louis-e/arnis	b975ea19d7	2026-02-09T15:25:52+01:00	crates	jsonwebtoken	Cargo.toml	public
stratum	louis-e/arnis	f1dc3b8ffb	2026-01-27T18:23:14+01:00	crates	rusty-leveldb	Cargo.toml	public
stratum	eythaann/Seelen-UI	165d99ac7c	2026-09-12T11:50:04-05:00	npm	@types/qrcode	package.json	public
stratum	eythaann/Seelen-UI	165d99ac7c	2026-09-12T11:50:04-05:00	npm	qrcode	package.json	public
stratum	eythaann/Seelen-UI	edc06d4fea	2026-08-27T16:59:20-05:00	crates	windows-collections	Cargo.toml	public
stratum	eythaann/Seelen-UI	dafb961c84	2026-07-29T21:53:50-05:00	crates	salvo	Cargo.toml	public
stratum	eythaann/Seelen-UI	3076c56cae	2026-07-28T18:26:01-05:00	crates	webview2-com	Cargo.toml	public
stratum	eythaann/Seelen-UI	6a99edc9a2	2026-07-08T21:00:23-05:00	crates	proc-macro2	libs/slu-macros/Cargo.toml	public
stratum	eythaann/Seelen-UI	6a99edc9a2	2026-07-08T21:00:23-05:00	crates	quote	libs/slu-macros/Cargo.toml	public
stratum	eythaann/Seelen-UI	6a99edc9a2	2026-07-08T21:00:23-05:00	crates	syn	libs/slu-macros/Cargo.toml	public
stratum	eythaann/Seelen-UI	c19ea6d310	2026-06-22T01:28:38-05:00	npm	dompurify	package.json	public
stratum	eythaann/Seelen-UI	dc8722a16f	2026-05-15T14:43:58-05:00	crates	rustfft	Cargo.toml	public
stratum	eythaann/Seelen-UI	b5bc93ac93	2026-05-14T02:36:03-05:00	crates	rayon	Cargo.toml	public
stratum	eythaann/Seelen-UI	398a1d02bf	2026-05-08T21:45:40-05:00	crates	webp	Cargo.toml	public
stratum	eythaann/Seelen-UI	6657c50a5f	2026-04-17T07:45:53-05:00	crates	serde_path_to_error	Cargo.toml	public
stratum	denisidoro/navi	d8d0c099ae	2025-04-08T22:13:32+02:00	crates	tracing	Cargo.toml	public
stratum	denisidoro/navi	d8d0c099ae	2025-04-08T22:13:32+02:00	crates	tracing-subscriber	Cargo.toml	public
stratum	denisidoro/navi	b560ba572e	2023-12-10T06:20:08-03:00	crates	dunce	Cargo.toml	public
stratum	denisidoro/navi	6f316ec7eb	2023-04-24T17:34:00-03:00	crates	etcetera	Cargo.toml	public
stratum	denisidoro/navi	8963749e6a	2023-04-08T20:53:25-03:00	crates	unicode-width	Cargo.toml	public
stratum	denisidoro/navi	b56d70a6ca	2023-04-08T19:38:50-03:00	crates	dns_common	Cargo.toml	public
stratum	denisidoro/navi	b56d70a6ca	2023-04-08T19:38:50-03:00	crates	dns_common_derive	Cargo.toml	public
stratum	denisidoro/navi	7fb2b53463	2021-04-17T10:17:22-03:00	crates	serde	Cargo.toml	public
stratum	denisidoro/navi	7fb2b53463	2021-04-17T10:17:22-03:00	crates	serde_yaml	Cargo.toml	public
stratum	denisidoro/navi	243a2c8472	2021-04-06T10:33:05-03:00	crates	crossterm	Cargo.toml	public
stratum	denisidoro/navi	58dec4b8e8	2021-04-06T09:47:37-03:00	crates	remove_dir_all	Cargo.toml	public
stratum	denisidoro/navi	5c43c5173a	2021-01-07T09:31:34-03:00	crates	clap	Cargo.toml	public
stratum	denisidoro/navi	8e324d5bd1	2020-11-26T19:03:37-03:00	crates	edit	Cargo.toml	public
stratum	refactoringhq/tolaria	44740e4ae1	2026-09-25T23:50:17+02:00	npm	pdfjs-dist	package.json	public
stratum	refactoringhq/tolaria	0b817a3e2c	2026-08-17T16:56:06+02:00	npm	@fontsource-variable/inter	package.json	public
stratum	refactoringhq/tolaria	0b817a3e2c	2026-08-17T16:56:06+02:00	npm	@fontsource-variable/jetbrains-mono	package.json	public
stratum	refactoringhq/tolaria	0b817a3e2c	2026-08-17T16:56:06+02:00	npm	@fontsource/ibm-plex-mono	package.json	public
stratum	refactoringhq/tolaria	82afd143c1	2026-07-23T17:41:27+02:00	crates	objc2	src-tauri/Cargo.toml	public
stratum	refactoringhq/tolaria	82afd143c1	2026-07-23T17:41:27+02:00	crates	objc2-foundation	src-tauri/Cargo.toml	public
stratum	refactoringhq/tolaria	82afd143c1	2026-07-23T17:41:27+02:00	crates	png	src-tauri/Cargo.toml	public
stratum	refactoringhq/tolaria	5dbbc155b5	2026-07-20T19:46:29+02:00	crates	block2	src-tauri/Cargo.toml	public
stratum	refactoringhq/tolaria	5dbbc155b5	2026-07-20T19:46:29+02:00	crates	objc2-app-kit	src-tauri/Cargo.toml	public
stratum	refactoringhq/tolaria	ae2ad574a7	2026-07-20T18:32:58+02:00	npm	eslint-plugin-security	package.json	public
stratum	refactoringhq/tolaria	ae2ad574a7	2026-07-20T18:32:58+02:00	npm	eslint-plugin-security-node	package.json	public
stratum	refactoringhq/tolaria	ae2ad574a7	2026-07-20T18:32:58+02:00	npm	eslint-plugin-xss	package.json	public
stratum	refactoringhq/tolaria	567d40b6df	2026-07-20T17:48:25+02:00	npm	@biomejs/biome	package.json	public
stratum	refactoringhq/tolaria	398ae5b884	2026-07-20T04:00:23+02:00	crates	tauri-plugin-global-shortcut	src-tauri/Cargo.toml	public
stratum	refactoringhq/tolaria	398ae5b884	2026-07-20T04:00:23+02:00	npm	@tauri-apps/plugin-global-shortcut	package.json	public
stratum	refactoringhq/tolaria	59629a488e	2026-07-04T12:20:47+02:00	npm	@codemirror/lang-html	package.json	public
stratum	refactoringhq/tolaria	ce242dc4b8	2026-06-22T12:00:05+02:00	npm	@tiptap/pm	package.json	public
stratum	refactoringhq/tolaria	60bb75a331	2026-06-19T14:56:23+02:00	crates	csv	src-tauri/Cargo.toml	public
stratum	refactoringhq/tolaria	60bb75a331	2026-06-19T14:56:23+02:00	crates	ironcalc_base	src-tauri/Cargo.toml	public
stratum	refactoringhq/tolaria	60bb75a331	2026-06-19T14:56:23+02:00	npm	@ironcalc/wasm	package.json	public
stratum	refactoringhq/tolaria	60bb75a331	2026-06-19T14:56:23+02:00	npm	@ironcalc/workbook	package.json	public
stratum	whyour/qinglong	f168efcdae	2026-09-27T22:18:39+08:00	npm	node-cron	package.json	public
stratum	whyour/qinglong	801a71d740	2026-09-25T23:24:41+08:00	npm	commander	cli/package.json	public
stratum	whyour/qinglong	801a71d740	2026-09-25T23:24:41+08:00	npm	esbuild	cli/package.json	public
stratum	whyour/qinglong	24d539fc05	2026-07-19T00:40:40+08:00	npm	@whyour/sqlite3	package.json	public
stratum	whyour/qinglong	e8ac195c96	2026-06-01T18:20:18+08:00	npm	@ant-design/plots	package.json	public
stratum	whyour/qinglong	c3072e7712	2025-05-15T01:01:39+08:00	npm	undici	package.json	public
stratum	whyour/qinglong	d871585eee	2025-05-07T09:30:00+08:00	npm	@types/compression	package.json	public
stratum	whyour/qinglong	d871585eee	2025-05-07T09:30:00+08:00	npm	@types/helmet	package.json	public
stratum	whyour/qinglong	d871585eee	2025-05-07T09:30:00+08:00	npm	@types/ps-tree	package.json	public
stratum	whyour/qinglong	d871585eee	2025-05-07T09:30:00+08:00	npm	compression	package.json	public
stratum	whyour/qinglong	d871585eee	2025-05-07T09:30:00+08:00	npm	helmet	package.json	public
stratum	whyour/qinglong	d871585eee	2025-05-07T09:30:00+08:00	npm	ps-tree	package.json	public
stratum	whyour/qinglong	6df651aa63	2025-01-29T23:29:45+08:00	npm	@bufbuild/protobuf	package.json	public
stratum	whyour/qinglong	647ed3b66c	2025-01-11T01:59:46+08:00	npm	@grpc/proto-loader	package.json	public
stratum	whyour/qinglong	05f8bbd26e	2025-01-04T01:22:29+08:00	npm	@types/proper-lockfile	package.json	public
stratum	whyour/qinglong	05f8bbd26e	2025-01-04T01:22:29+08:00	npm	proper-lockfile	package.json	public
stratum	whyour/qinglong	678e3e2dc6	2024-12-30T14:23:04+08:00	npm	@keyv/sqlite	package.json	public
stratum	whyour/qinglong	678e3e2dc6	2024-12-30T14:23:04+08:00	npm	keyv	package.json	public
stratum	apollographql/apollo-client	0c925a4348	2026-09-11T12:31:04-06:00	npm	@graphql-codegen/core	codegen/package.json	public
stratum	apollographql/apollo-client	7e018e8913	2026-07-02T10:28:12-06:00	npm	relay-runtime	package.json	public
stratum	apollographql/apollo-client	eee2c4d26c	2026-07-01T11:54:56-06:00	npm	@graphql-codegen/add	integration-tests/codegen/package.json	public
stratum	apollographql/apollo-client	2d1627c14d	2025-08-21T09:52:14-06:00	npm	@apollo/client-integration-nextjs	integration-tests/next/package.json	public
stratum	apollographql/apollo-client	2d1627c14d	2025-08-21T09:52:14-06:00	npm	@babel/core	package.json	public
stratum	apollographql/apollo-client	2d1627c14d	2025-08-21T09:52:14-06:00	npm	@babel/preset-env	package.json	public
stratum	apollographql/apollo-client	2d1627c14d	2025-08-21T09:52:14-06:00	npm	@graphql-codegen/cli	package.json	public
stratum	apollographql/apollo-client	2d1627c14d	2025-08-21T09:52:14-06:00	npm	@graphql-codegen/plugin-helpers	codegen/package.json	public
stratum	apollographql/apollo-client	2d1627c14d	2025-08-21T09:52:14-06:00	npm	@graphql-codegen/typescript	codegen/package.json	public
stratum	apollographql/apollo-client	2d1627c14d	2025-08-21T09:52:14-06:00	npm	@graphql-codegen/visitor-plugin-common	codegen/package.json	public
stratum	apollographql/apollo-client	2d1627c14d	2025-08-21T09:52:14-06:00	npm	@jest/expect-utils	package.json	public
stratum	apollographql/apollo-client	2d1627c14d	2025-08-21T09:52:14-06:00	npm	@jest/globals	package.json	public
stratum	apollographql/apollo-client	2d1627c14d	2025-08-21T09:52:14-06:00	npm	@mdx-js/language-service	package.json	public
stratum	apollographql/apollo-client	2d1627c14d	2025-08-21T09:52:14-06:00	npm	@microsoft/api-extractor-model	package.json	public
stratum	apollographql/apollo-client	2d1627c14d	2025-08-21T09:52:14-06:00	npm	@microsoft/tsdoc	package.json	public
stratum	apollographql/apollo-client	2d1627c14d	2025-08-21T09:52:14-06:00	npm	@types/babel__preset-env	package.json	public
stratum	apollographql/apollo-client	2d1627c14d	2025-08-21T09:52:14-06:00	npm	@types/jsesc	package.json	public
stratum	apollographql/apollo-client	2d1627c14d	2025-08-21T09:52:14-06:00	npm	ast-types	package.json	public
stratum	apollographql/apollo-client	2d1627c14d	2025-08-21T09:52:14-06:00	npm	babel-plugin-react-compiler	package.json	public
stratum	apollographql/apollo-client	2d1627c14d	2025-08-21T09:52:14-06:00	npm	diff	scripts/codemods/ac3-to-ac4/package.json	public
stratum	apollographql/apollo-client	2d1627c14d	2025-08-21T09:52:14-06:00	npm	eslint-plugin-import	package.json	public
stratum	apollographql/apollo-client	2d1627c14d	2025-08-21T09:52:14-06:00	npm	eslint-plugin-mdx	package.json	public
stratum	apollographql/apollo-client	2d1627c14d	2025-08-21T09:52:14-06:00	npm	expect	package.json	public
stratum	apollographql/apollo-client	2d1627c14d	2025-08-21T09:52:14-06:00	npm	jest-matcher-utils	package.json	public
stratum	apollographql/apollo-client	2d1627c14d	2025-08-21T09:52:14-06:00	npm	js-yaml	scripts/changesets/categorized/package.json	public
stratum	apollographql/apollo-client	2d1627c14d	2025-08-21T09:52:14-06:00	npm	jsdom	package.json	public
stratum	apollographql/apollo-client	2d1627c14d	2025-08-21T09:52:14-06:00	npm	jsesc	package.json	public
stratum	apollographql/apollo-client	2d1627c14d	2025-08-21T09:52:14-06:00	npm	knip	package.json	public
stratum	apollographql/apollo-client	2d1627c14d	2025-08-21T09:52:14-06:00	npm	madge	package.json	public
stratum	apollographql/apollo-client	2d1627c14d	2025-08-21T09:52:14-06:00	npm	publint	package.json	public
stratum	apollographql/apollo-client	2d1627c14d	2025-08-21T09:52:14-06:00	npm	sorcery	package.json	public
stratum	apollographql/apollo-client	2d1627c14d	2025-08-21T09:52:14-06:00	npm	source-map	package.json	public
stratum	apollographql/apollo-client	2d1627c14d	2025-08-21T09:52:14-06:00	npm	sourcemap-validator	package.json	public
stratum	apollographql/apollo-client	2d1627c14d	2025-08-21T09:52:14-06:00	npm	vitest	scripts/codemods/ac3-to-ac4/package.json	public
stratum	apollographql/apollo-client	2d1627c14d	2025-08-21T09:52:14-06:00	npm	zx	package.json	public
stratum	apollographql/apollo-client	12ecde91be	2025-01-21T12:30:03-07:00	npm	@eslint/compat	package.json	public
stratum	apollographql/apollo-client	12ecde91be	2025-01-21T12:30:03-07:00	npm	@eslint/eslintrc	package.json	public
stratum	apollographql/apollo-client	12ecde91be	2025-01-21T12:30:03-07:00	npm	@eslint/js	package.json	public
stratum	apollographql/apollo-client	12ecde91be	2025-01-21T12:30:03-07:00	npm	globals	package.json	public
stratum	apollographql/apollo-client	8e2a9d64d1	2024-12-06T11:24:41+01:00	npm	@types/prop-types	package.json	public
stratum	apollographql/apollo-client	ca53c19f21	2024-12-04T11:17:31-07:00	npm	@ark/attest	package.json	public
stratum	apollographql/apollo-client	ca53c19f21	2024-12-04T11:17:31-07:00	npm	@types/jscodeshift	scripts/codemods/data-masking/package.json	public
stratum	apollographql/apollo-client	ca53c19f21	2024-12-04T11:17:31-07:00	npm	tsx	package.json	public
stratum	apollographql/apollo-client	a923b06dea	2024-12-04T11:18:17+01:00	npm	@testing-library/dom	package.json	public
stratum	apollographql/apollo-client	6e70bd963e	2024-10-16T18:14:31+02:00	npm	@testing-library/react-render-stream	package.json	public
stratum	apollographql/apollo-client	73a8af67d6	2024-09-13T12:43:12+02:00	npm	pkg-pr-new	package.json	public
stratum	Open-Dev-Society/OpenStock	addb7e2c33	2026-03-21T13:42:15+05:30	npm	vitest	package.json	public
stratum	Open-Dev-Society/OpenStock	c229dd3c72	2026-01-30T00:12:47+05:30	npm	date-fns	package.json	public
stratum	Open-Dev-Society/OpenStock	756fca8f7d	2025-12-12T23:44:57+05:30	npm	@vercel/analytics	package.json	public
stratum	Open-Dev-Society/OpenStock	bde774ad4b	2025-10-04T01:06:29+05:30	npm	@types/nodemailer	package.json	public
stratum	Open-Dev-Society/OpenStock	bde774ad4b	2025-10-04T01:06:29+05:30	npm	better-auth	package.json	public
stratum	Open-Dev-Society/OpenStock	bde774ad4b	2025-10-04T01:06:29+05:30	npm	inngest	package.json	public
stratum	Open-Dev-Society/OpenStock	bde774ad4b	2025-10-04T01:06:29+05:30	npm	next-themes	package.json	public
stratum	Open-Dev-Society/OpenStock	bde774ad4b	2025-10-04T01:06:29+05:30	npm	nodemailer	package.json	public
stratum	Open-Dev-Society/OpenStock	bde774ad4b	2025-10-04T01:06:29+05:30	npm	sonner	package.json	public
stratum	Open-Dev-Society/OpenStock	cc7e86d5a2	2025-10-03T00:43:56+05:30	npm	dotenv	package.json	public
stratum	Open-Dev-Society/OpenStock	cc7e86d5a2	2025-10-03T00:43:56+05:30	npm	mongodb	package.json	public
stratum	Open-Dev-Society/OpenStock	cc7e86d5a2	2025-10-03T00:43:56+05:30	npm	mongoose	package.json	public
stratum	Open-Dev-Society/OpenStock	ad0a0cb5ce	2025-10-02T23:52:40+05:30	npm	@radix-ui/react-dialog	package.json	public
stratum	Open-Dev-Society/OpenStock	ad0a0cb5ce	2025-10-02T23:52:40+05:30	npm	@radix-ui/react-label	package.json	public
stratum	Open-Dev-Society/OpenStock	ad0a0cb5ce	2025-10-02T23:52:40+05:30	npm	@radix-ui/react-popover	package.json	public
stratum	Open-Dev-Society/OpenStock	ad0a0cb5ce	2025-10-02T23:52:40+05:30	npm	@radix-ui/react-select	package.json	public
stratum	Open-Dev-Society/OpenStock	ad0a0cb5ce	2025-10-02T23:52:40+05:30	npm	@types/react-select-country-list	package.json	public
stratum	Open-Dev-Society/OpenStock	ad0a0cb5ce	2025-10-02T23:52:40+05:30	npm	cmdk	package.json	public
stratum	Open-Dev-Society/OpenStock	ad0a0cb5ce	2025-10-02T23:52:40+05:30	npm	country-data-list	package.json	public
stratum	Open-Dev-Society/OpenStock	ad0a0cb5ce	2025-10-02T23:52:40+05:30	npm	react-circle-flags	package.json	public
stratum	Open-Dev-Society/OpenStock	ad0a0cb5ce	2025-10-02T23:52:40+05:30	npm	react-hook-form	package.json	public
stratum	Open-Dev-Society/OpenStock	ad0a0cb5ce	2025-10-02T23:52:40+05:30	npm	react-select-country-list	package.json	public
stratum	Open-Dev-Society/OpenStock	f042523799	2025-09-29T13:52:25+05:30	npm	@radix-ui/react-avatar	package.json	public
stratum	Open-Dev-Society/OpenStock	f042523799	2025-09-29T13:52:25+05:30	npm	@radix-ui/react-dropdown-menu	package.json	public
stratum	mountain-loop/yaak	aa10c44a45	2026-09-24T14:50:44-07:00	npm	@types/yauzl	packages/plugin-runtime/package.json	public
stratum	mountain-loop/yaak	aa10c44a45	2026-09-24T14:50:44-07:00	npm	@usebruno/filestore	plugins/importer-bruno/package.json	public
stratum	mountain-loop/yaak	8c8be31aa2	2026-09-14T22:21:43-07:00	crates	tower	crates-server/yaak-web/Cargo.toml	public
stratum	mountain-loop/yaak	aa76d501f0	2026-08-21T00:04:26-07:00	crates	dispatch2	crates-tauri/yaak-system-appearance/Cargo.toml	public
stratum	mountain-loop/yaak	aa76d501f0	2026-08-21T00:04:26-07:00	crates	objc2-app-kit	crates-tauri/yaak-system-appearance/Cargo.toml	public
stratum	mountain-loop/yaak	aa76d501f0	2026-08-21T00:04:26-07:00	crates	objc2-foundation	crates-tauri/yaak-system-appearance/Cargo.toml	public
stratum	mountain-loop/yaak	69083918f9	2026-08-18T08:28:01-07:00	crates	axum	crates-server/yaak-send-proxy/Cargo.toml	public
stratum	mountain-loop/yaak	69083918f9	2026-08-18T08:28:01-07:00	crates	tower-http	crates-server/yaak-send-proxy/Cargo.toml	public
stratum	mountain-loop/yaak	7ca772347f	2026-08-17T10:38:52-07:00	crates	web-sys	crates/yaak-web/Cargo.toml	public
stratum	mountain-loop/yaak	8bca013ab4	2026-08-16T11:22:02-07:00	npm	esbuild	packages/plugin-runtime/package.json	public
stratum	mountain-loop/yaak	8bca013ab4	2026-08-16T11:22:02-07:00	npm	jsonc-parser	apps/yaak-client/package.json	public
stratum	mountain-loop/yaak	78954e10c8	2026-08-16T10:27:28-07:00	npm	tar	package.json	public
stratum	mountain-loop/yaak	78954e10c8	2026-08-16T10:27:28-07:00	npm	yauzl	package.json	public
stratum	mountain-loop/yaak	6f91f76064	2026-08-16T07:34:48-07:00	crates	console_error_panic_hook	crates/yaak-web/Cargo.toml	public
stratum	mountain-loop/yaak	6f91f76064	2026-08-16T07:34:48-07:00	crates	js-sys	crates/yaak-web/Cargo.toml	public
stratum	mountain-loop/yaak	6f91f76064	2026-08-16T07:34:48-07:00	crates	sqlite-wasm-rs	crates/yaak-web/Cargo.toml	public
stratum	mountain-loop/yaak	6f91f76064	2026-08-16T07:34:48-07:00	crates	sqlite-wasm-vfs	crates/yaak-web/Cargo.toml	public
stratum	mountain-loop/yaak	6f91f76064	2026-08-16T07:34:48-07:00	crates	wasm-bindgen-futures	crates/yaak-web/Cargo.toml	public
stratum	mountain-loop/yaak	32e92d484b	2026-08-15T14:55:54-07:00	crates	getrandom	crates/common/yaak-database/Cargo.toml	public
stratum	mountain-loop/yaak	1f91cddab9	2026-08-14T14:08:14-07:00	crates	yasna	crates/yaak-tls/Cargo.toml	public
stratum	mikf/gallery-dl	20dc9d6443	2025-08-14T12:20:47+02:00	pypi	jinja2	setup.py	public
stratum	mikf/gallery-dl	4057cd93ed	2025-06-20T19:55:01+02:00	pypi	truststore	setup.py	public
stratum	mikf/gallery-dl	68d5315be4	2025-06-17T11:48:54+02:00	pypi	pyyaml	setup.py	public
stratum	mikf/gallery-dl	68d5315be4	2025-06-17T11:48:54+02:00	pypi	secretstorage	setup.py	public
stratum	mikf/gallery-dl	68d5315be4	2025-06-17T11:48:54+02:00	pypi	toml	setup.py	public
stratum	mikf/gallery-dl	68d5315be4	2025-06-17T11:48:54+02:00	pypi	yt-dlp	setup.py	public
stratum	astral-sh/ty	8e4aef298a	2026-09-24T19:05:54+01:00	pypi	cargo-zigbuild	pyproject.toml	public
stratum	astral-sh/ty	546f2202cb	2026-07-02T01:41:04-07:00	pypi	prek	pyproject.toml	public
stratum	astral-sh/ty	e6c0420ac6	2025-12-12T10:33:53+05:30	pypi	backrefs	docs/requirements.txt	public
stratum	astral-sh/ty	b225fd8b4a	2025-11-10T18:45:54+01:00	pypi	rooster	pyproject.toml	public
stratum	astral-sh/ty	c14037ab2a	2025-07-02T09:40:49-05:00	pypi	babel	docs/requirements-insiders.txt	public
stratum	astral-sh/ty	c14037ab2a	2025-07-02T09:40:49-05:00	pypi	beautifulsoup4	docs/requirements-insiders.txt	public
stratum	astral-sh/ty	c14037ab2a	2025-07-02T09:40:49-05:00	pypi	black	docs/requirements-insiders.txt	public
stratum	astral-sh/ty	c14037ab2a	2025-07-02T09:40:49-05:00	pypi	certifi	docs/requirements-insiders.txt	public
stratum	astral-sh/ty	c14037ab2a	2025-07-02T09:40:49-05:00	pypi	charset-normalizer	docs/requirements-insiders.txt	public
stratum	astral-sh/ty	c14037ab2a	2025-07-02T09:40:49-05:00	pypi	click	docs/requirements-insiders.txt	public
stratum	astral-sh/ty	c14037ab2a	2025-07-02T09:40:49-05:00	pypi	colorama	docs/requirements-insiders.txt	public
stratum	astral-sh/ty	c14037ab2a	2025-07-02T09:40:49-05:00	pypi	ghp-import	docs/requirements-insiders.txt	public
stratum	astral-sh/ty	c14037ab2a	2025-07-02T09:40:49-05:00	pypi	gitdb	docs/requirements-insiders.txt	public
stratum	astral-sh/ty	c14037ab2a	2025-07-02T09:40:49-05:00	pypi	gitpython	docs/requirements-insiders.txt	public
stratum	astral-sh/ty	c14037ab2a	2025-07-02T09:40:49-05:00	pypi	idna	docs/requirements-insiders.txt	public
stratum	astral-sh/ty	c14037ab2a	2025-07-02T09:40:49-05:00	pypi	jinja2	docs/requirements-insiders.txt	public
stratum	astral-sh/ty	c14037ab2a	2025-07-02T09:40:49-05:00	pypi	linkify-it-py	docs/requirements-insiders.txt	public
stratum	astral-sh/ty	c14037ab2a	2025-07-02T09:40:49-05:00	pypi	markdown	docs/requirements-insiders.txt	public
stratum	astral-sh/ty	c14037ab2a	2025-07-02T09:40:49-05:00	pypi	markdown-it-py	docs/requirements-insiders.txt	public
stratum	astral-sh/ty	c14037ab2a	2025-07-02T09:40:49-05:00	pypi	markdownify	docs/requirements-insiders.txt	public
stratum	astral-sh/ty	c14037ab2a	2025-07-02T09:40:49-05:00	pypi	markupsafe	docs/requirements-insiders.txt	public
stratum	astral-sh/ty	c14037ab2a	2025-07-02T09:40:49-05:00	pypi	mdformat	docs/requirements-insiders.txt	public
stratum	astral-sh/ty	c14037ab2a	2025-07-02T09:40:49-05:00	pypi	mdformat-admon	docs/requirements-insiders.txt	public
stratum	astral-sh/ty	c14037ab2a	2025-07-02T09:40:49-05:00	pypi	mdformat-gfm	docs/requirements-insiders.txt	public
stratum	astral-sh/ty	c14037ab2a	2025-07-02T09:40:49-05:00	pypi	mdformat-mkdocs	docs/requirements-insiders.txt	public
stratum	astral-sh/ty	c14037ab2a	2025-07-02T09:40:49-05:00	pypi	mdformat-tables	docs/requirements-insiders.txt	public
stratum	astral-sh/ty	c14037ab2a	2025-07-02T09:40:49-05:00	pypi	mdit-py-plugins	docs/requirements-insiders.txt	public
stratum	astral-sh/ty	c14037ab2a	2025-07-02T09:40:49-05:00	pypi	mdurl	docs/requirements-insiders.txt	public
stratum	astral-sh/ty	c14037ab2a	2025-07-02T09:40:49-05:00	pypi	mergedeep	docs/requirements-insiders.txt	public
stratum	astral-sh/ty	c14037ab2a	2025-07-02T09:40:49-05:00	pypi	mkdocs	docs/requirements-insiders.txt	public
stratum	astral-sh/ty	c14037ab2a	2025-07-02T09:40:49-05:00	pypi	mkdocs-get-deps	docs/requirements.txt	public
stratum	astral-sh/ty	c14037ab2a	2025-07-02T09:40:49-05:00	pypi	mkdocs-git-revision-date-localized-plugin	docs/requirements-insiders.txt	public
stratum	astral-sh/ty	c14037ab2a	2025-07-02T09:40:49-05:00	pypi	mkdocs-llmstxt	docs/requirements-insiders.txt	public
stratum	astral-sh/ty	c14037ab2a	2025-07-02T09:40:49-05:00	pypi	mkdocs-material	docs/requirements.txt	public
stratum	astral-sh/ty	c14037ab2a	2025-07-02T09:40:49-05:00	pypi	mkdocs-material-extensions	docs/requirements-insiders.txt	public
stratum	astral-sh/ty	c14037ab2a	2025-07-02T09:40:49-05:00	pypi	mkdocs-redirects	docs/requirements-insiders.txt	public
stratum	astral-sh/ty	c14037ab2a	2025-07-02T09:40:49-05:00	pypi	more-itertools	docs/requirements-insiders.txt	public
stratum	astral-sh/ty	c14037ab2a	2025-07-02T09:40:49-05:00	pypi	mypy-extensions	docs/requirements-insiders.txt	public
stratum	astral-sh/ty	c14037ab2a	2025-07-02T09:40:49-05:00	pypi	packaging	docs/requirements-insiders.txt	public
stratum	astral-sh/ty	c14037ab2a	2025-07-02T09:40:49-05:00	pypi	paginate	docs/requirements-insiders.txt	public
stratum	astral-sh/ty	c14037ab2a	2025-07-02T09:40:49-05:00	pypi	pathspec	docs/requirements-insiders.txt	public
stratum	astral-sh/ty	c14037ab2a	2025-07-02T09:40:49-05:00	pypi	platformdirs	docs/requirements-insiders.txt	public
stratum	astral-sh/ty	c14037ab2a	2025-07-02T09:40:49-05:00	pypi	pygments	docs/requirements-insiders.txt	public
stratum	astral-sh/ty	c14037ab2a	2025-07-02T09:40:49-05:00	pypi	pymdown-extensions	docs/requirements-insiders.txt	public
stratum	astral-sh/ty	c14037ab2a	2025-07-02T09:40:49-05:00	pypi	python-dateutil	docs/requirements-insiders.txt	public
stratum	astral-sh/ty	c14037ab2a	2025-07-02T09:40:49-05:00	pypi	pytz	docs/requirements-insiders.txt	public
stratum	astral-sh/ty	c14037ab2a	2025-07-02T09:40:49-05:00	pypi	pyyaml	docs/requirements-insiders.txt	public
stratum	astral-sh/ty	c14037ab2a	2025-07-02T09:40:49-05:00	pypi	pyyaml-env-tag	docs/requirements-insiders.txt	public
stratum	astral-sh/ty	c14037ab2a	2025-07-02T09:40:49-05:00	pypi	regex	docs/requirements-insiders.txt	public
stratum	astral-sh/ty	c14037ab2a	2025-07-02T09:40:49-05:00	pypi	requests	docs/requirements-insiders.txt	public
stratum	astral-sh/ty	c14037ab2a	2025-07-02T09:40:49-05:00	pypi	six	docs/requirements-insiders.txt	public
stratum	astral-sh/ty	c14037ab2a	2025-07-02T09:40:49-05:00	pypi	smmap	docs/requirements-insiders.txt	public
stratum	astral-sh/ty	c14037ab2a	2025-07-02T09:40:49-05:00	pypi	soupsieve	docs/requirements-insiders.txt	public
stratum	astral-sh/ty	c14037ab2a	2025-07-02T09:40:49-05:00	pypi	typing-extensions	docs/requirements-insiders.txt	public
stratum	astral-sh/ty	c14037ab2a	2025-07-02T09:40:49-05:00	pypi	uc-micro-py	docs/requirements-insiders.txt	public
stratum	astral-sh/ty	c14037ab2a	2025-07-02T09:40:49-05:00	pypi	urllib3	docs/requirements-insiders.txt	public
stratum	astral-sh/ty	c14037ab2a	2025-07-02T09:40:49-05:00	pypi	watchdog	docs/requirements-insiders.txt	public
stratum	astral-sh/ty	52d16b44bc	2025-05-06T10:38:28-05:00	pypi	rooster-blue	pyproject.toml	public
stratum	astral-sh/ty	b499d67f3e	2025-05-05T11:43:26+02:00	pypi	maturin	pyproject.toml	public
stratum	teng-lin/notebooklm-py	af19e326e6	2026-09-27T18:35:36-04:00	pypi	idna	pyproject.toml	public
stratum	teng-lin/notebooklm-py	d5df15e778	2026-08-30T15:26:09-04:00	pypi	grpcio	pyproject.toml	public
stratum	teng-lin/notebooklm-py	d5df15e778	2026-08-30T15:26:09-04:00	pypi	grpcio-tools	pyproject.toml	public
stratum	teng-lin/notebooklm-py	d5df15e778	2026-08-30T15:26:09-04:00	pypi	protobuf	pyproject.toml	public
stratum	teng-lin/notebooklm-py	2d47b37277	2026-08-14T17:49:44-04:00	pypi	rookie-cookies	pyproject.toml	public
stratum	teng-lin/notebooklm-py	27972416a2	2026-06-27T21:18:22-04:00	pypi	gpsoauth	pyproject.toml	public
stratum	teng-lin/notebooklm-py	781dd4c915	2026-06-27T10:28:15-04:00	pypi	curl-cffi	pyproject.toml	public
stratum	teng-lin/notebooklm-py	e5beff998f	2026-06-10T20:17:17-04:00	pypi	fastapi	pyproject.toml	public
stratum	teng-lin/notebooklm-py	e5beff998f	2026-06-10T20:17:17-04:00	pypi	python-multipart	pyproject.toml	public
stratum	teng-lin/notebooklm-py	e5beff998f	2026-06-10T20:17:17-04:00	pypi	uvicorn	pyproject.toml	public
stratum	teng-lin/notebooklm-py	50fabb7514	2026-06-10T19:46:44-04:00	pypi	fastmcp	pyproject.toml	public
stratum	teng-lin/notebooklm-py	40ef9916b0	2026-05-17T11:36:18-05:00	pypi	packaging	pyproject.toml	public
stratum	teng-lin/notebooklm-py	c7e2968f90	2026-05-15T21:29:41-04:00	pypi	pytest-xdist	pyproject.toml	public
stratum	teng-lin/notebooklm-py	89edf68a0e	2026-05-14T07:39:06-04:00	pypi	filelock	pyproject.toml	public
stratum	kvcache-ai/ktransformers	85308615b9	2026-04-24T12:08:38+08:00	pypi	accelerate-kt	setup.py	public
stratum	kvcache-ai/ktransformers	85308615b9	2026-04-24T12:08:38+08:00	pypi	transformers-kt	setup.py	public
stratum	kvcache-ai/ktransformers	15c624dcae	2026-03-04T16:54:48+08:00	pypi	sglang-kt	kt-kernel/pyproject.toml	public
stratum	kvcache-ai/ktransformers	d8046e1bb4	2025-12-24T15:39:44+08:00	pypi	httpx	kt-kernel/pyproject.toml	public
stratum	kvcache-ai/ktransformers	d8046e1bb4	2025-12-24T15:39:44+08:00	pypi	huggingface-hub	kt-kernel/python/cli/requirements/inference.txt	public
stratum	kvcache-ai/ktransformers	d8046e1bb4	2025-12-24T15:39:44+08:00	pypi	llamafactory	kt-kernel/python/cli/requirements/sft.txt	public
stratum	kvcache-ai/ktransformers	d8046e1bb4	2025-12-24T15:39:44+08:00	pypi	pyyaml	kt-kernel/pyproject.toml	public
stratum	kvcache-ai/ktransformers	d8046e1bb4	2025-12-24T15:39:44+08:00	pypi	rich	kt-kernel/pyproject.toml	public
stratum	kvcache-ai/ktransformers	d8046e1bb4	2025-12-24T15:39:44+08:00	pypi	typer	kt-kernel/pyproject.toml	public
stratum	kvcache-ai/ktransformers	51745a9ea1	2025-11-25T20:52:08+08:00	pypi	pytest	kt-kernel/pyproject.toml	public
stratum	kvcache-ai/ktransformers	743f6f719b	2025-11-11T14:53:45+08:00	pypi	gguf	kt-kernel/pyproject.toml	public
stratum	kvcache-ai/ktransformers	e40ba6dfae	2025-11-04T14:37:38+08:00	pypi	absl-py	KT-SFT/requirements-sft.txt	public
stratum	kvcache-ai/ktransformers	e40ba6dfae	2025-11-04T14:37:38+08:00	pypi	aiohappyeyeballs	KT-SFT/requirements-sft.txt	public
stratum	kvcache-ai/ktransformers	e40ba6dfae	2025-11-04T14:37:38+08:00	pypi	aiohttp	KT-SFT/requirements-sft.txt	public
stratum	kvcache-ai/ktransformers	e40ba6dfae	2025-11-04T14:37:38+08:00	pypi	aiosignal	KT-SFT/requirements-sft.txt	public
stratum	kvcache-ai/ktransformers	e40ba6dfae	2025-11-04T14:37:38+08:00	pypi	attrs	KT-SFT/requirements-sft.txt	public
stratum	kvcache-ai/ktransformers	e40ba6dfae	2025-11-04T14:37:38+08:00	pypi	colorama	KT-SFT/requirements-sft.txt	public
stratum	kvcache-ai/ktransformers	e40ba6dfae	2025-11-04T14:37:38+08:00	pypi	conda-pack	KT-SFT/requirements-sft.txt	public
stratum	kvcache-ai/ktransformers	e40ba6dfae	2025-11-04T14:37:38+08:00	pypi	datasets	KT-SFT/pyproject.toml	public
stratum	kvcache-ai/ktransformers	e40ba6dfae	2025-11-04T14:37:38+08:00	pypi	dill	KT-SFT/requirements-sft.txt	public
stratum	kvcache-ai/ktransformers	e40ba6dfae	2025-11-04T14:37:38+08:00	pypi	einops	KT-SFT/requirements-sft.txt	public
stratum	kvcache-ai/ktransformers	e40ba6dfae	2025-11-04T14:37:38+08:00	pypi	frozenlist	KT-SFT/requirements-sft.txt	public
stratum	kvcache-ai/ktransformers	e40ba6dfae	2025-11-04T14:37:38+08:00	pypi	graphviz	KT-SFT/requirements-sft.txt	public
stratum	kvcache-ai/ktransformers	e40ba6dfae	2025-11-04T14:37:38+08:00	pypi	joblib	KT-SFT/requirements-sft.txt	public
stratum	kvcache-ai/ktransformers	e40ba6dfae	2025-11-04T14:37:38+08:00	pypi	multidict	KT-SFT/requirements-sft.txt	public
stratum	kvcache-ai/ktransformers	e40ba6dfae	2025-11-04T14:37:38+08:00	pypi	multiprocess	KT-SFT/requirements-sft.txt	public
stratum	kvcache-ai/ktransformers	e40ba6dfae	2025-11-04T14:37:38+08:00	pypi	nltk	KT-SFT/requirements-sft.txt	public
stratum	kvcache-ai/ktransformers	e40ba6dfae	2025-11-04T14:37:38+08:00	pypi	nvidia-cufile-cu12	KT-SFT/requirements-sft.txt	public
stratum	kvcache-ai/ktransformers	e40ba6dfae	2025-11-04T14:37:38+08:00	pypi	pandas	KT-SFT/requirements-sft.txt	public
stratum	kvcache-ai/ktransformers	e40ba6dfae	2025-11-04T14:37:38+08:00	pypi	peft	KT-SFT/pyproject.toml	public
stratum	kvcache-ai/ktransformers	e40ba6dfae	2025-11-04T14:37:38+08:00	pypi	propcache	KT-SFT/requirements-sft.txt	public
stratum	kvcache-ai/ktransformers	e40ba6dfae	2025-11-04T14:37:38+08:00	pypi	pyarrow	KT-SFT/requirements-sft.txt	public
stratum	kvcache-ai/ktransformers	e40ba6dfae	2025-11-04T14:37:38+08:00	pypi	python-dateutil	KT-SFT/requirements-sft.txt	public
stratum	kvcache-ai/ktransformers	e40ba6dfae	2025-11-04T14:37:38+08:00	pypi	python-helper	KT-SFT/requirements-sft.txt	public
stratum	kvcache-ai/ktransformers	e40ba6dfae	2025-11-04T14:37:38+08:00	pypi	pytz	KT-SFT/requirements-sft.txt	public
stratum	kvcache-ai/ktransformers	e40ba6dfae	2025-11-04T14:37:38+08:00	pypi	rouge-score	KT-SFT/requirements-sft.txt	public
stratum	kvcache-ai/ktransformers	e40ba6dfae	2025-11-04T14:37:38+08:00	pypi	six	KT-SFT/requirements-sft.txt	public
stratum	kvcache-ai/ktransformers	e40ba6dfae	2025-11-04T14:37:38+08:00	pypi	tabulate	KT-SFT/requirements-sft.txt	public
stratum	kvcache-ai/ktransformers	e40ba6dfae	2025-11-04T14:37:38+08:00	pypi	thop	KT-SFT/requirements-sft.txt	public
stratum	kvcache-ai/ktransformers	e40ba6dfae	2025-11-04T14:37:38+08:00	pypi	torchviz	KT-SFT/pyproject.toml	public
stratum	kvcache-ai/ktransformers	e40ba6dfae	2025-11-04T14:37:38+08:00	pypi	tzdata	KT-SFT/requirements-sft.txt	public
stratum	kvcache-ai/ktransformers	e40ba6dfae	2025-11-04T14:37:38+08:00	pypi	xxhash	KT-SFT/requirements-sft.txt	public
stratum	kvcache-ai/ktransformers	e40ba6dfae	2025-11-04T14:37:38+08:00	pypi	yarl	KT-SFT/requirements-sft.txt	public
stratum	kvcache-ai/ktransformers	0d7482fcc4	2025-11-03T15:21:19+08:00	pypi	triton	kt-kernel/pyproject.toml	public
stratum	kvcache-ai/ktransformers	d7ab3b41b7	2025-10-24T14:33:10+08:00	pypi	compressed-tensors	kt-kernel/pyproject.toml	public
stratum	kvcache-ai/ktransformers	d44800c1cf	2025-10-12T13:15:51+08:00	pypi	black	kt-kernel/pyproject.toml	public
stratum	kvcache-ai/ktransformers	d44800c1cf	2025-10-12T13:15:51+08:00	pypi	cmake	kt-kernel/pyproject.toml	public
stratum	kvcache-ai/ktransformers	d44800c1cf	2025-10-12T13:15:51+08:00	pypi	pybind11	kt-kernel/pyproject.toml	public
stratum	kvcache-ai/ktransformers	d44800c1cf	2025-10-12T13:15:51+08:00	pypi	safetensors	kt-kernel/pyproject.toml	public
stratum	kvcache-ai/ktransformers	ffb1f7bf09	2025-04-29T06:18:45+08:00	pypi	triton	pyproject.toml	public
stratum	huggingface/trl	5f5744ae4c	2026-08-17T21:27:27+02:00	pypi	pytest-reportlog	pyproject.toml	public
stratum	huggingface/trl	5f5744ae4c	2026-08-17T21:27:27+02:00	pypi	tabulate	pyproject.toml	public
stratum	huggingface/trl	9e2c72aa3a	2026-06-18T18:23:47+02:00	pypi	harbor	pyproject.toml	public
stratum	huggingface/trl	61711ac450	2026-05-14T20:02:15-04:00	pypi	torch	pyproject.toml	public
stratum	huggingface/trl	6ad4f300bc	2026-05-05T23:09:10+05:30	pypi	openreward	pyproject.toml	public
stratum	huggingface/trl	25813b6ca6	2026-04-08T20:42:21-04:00	pypi	jinja2	pyproject.toml	public
stratum	huggingface/trl	b86b7602bc	2026-03-19T09:45:18+01:00	pypi	aiohttp	pyproject.toml	public
stratum	huggingface/trl	fd296b5575	2026-01-16T15:37:31+01:00	pypi	pytest-datadir	pyproject.toml	public
stratum	huggingface/trl	e9aaa618d8	2026-01-13T18:52:27+01:00	pypi	packaging	pyproject.toml	public
stratum	huggingface/trl	ca21dd94c1	2025-12-08T20:45:47-07:00	pypi	jmespath	pyproject.toml	public
stratum	huggingface/trl	07b5011b78	2025-11-12T21:07:33-07:00	pypi	kernels	pyproject.toml	public
