ordinary	firecrawl/pdf-inspector	ef52f77850	2026-09-27T23:55:46-07:00	0	0
ordinary	firecrawl/pdf-inspector	bf6800920a	2026-09-27T23:11:21-07:00	0	0
ordinary	firecrawl/pdf-inspector	3400b4725e	2026-09-27T21:41:02-07:00	0	0
ordinary	firecrawl/pdf-inspector	c48b7cacc7	2026-09-27T17:38:56-07:00	0	0
ordinary	firecrawl/pdf-inspector	ac275044ed	2026-09-27T16:03:42-07:00	0	0
ordinary	firecrawl/pdf-inspector	e1797b1f48	2026-09-27T10:36:18-07:00	0	0
ordinary	firecrawl/pdf-inspector	9a055d5f3c	2026-09-27T08:48:54-07:00	0	0
ordinary	firecrawl/pdf-inspector	2dbd16b3ea	2026-09-25T13:15:35-07:00	0	0
ordinary	firecrawl/pdf-inspector	f06bb34075	2026-09-25T13:04:39-07:00	0	1
ordinary	firecrawl/pdf-inspector	f856d3481d	2026-09-24T10:17:41-07:00	0	0
ordinary	gfx-rs/wgpu	de137ce728	2026-09-28T16:05:41Z	0	0
ordinary	gfx-rs/wgpu	8f83ab0c0d	2026-09-28T15:49:49Z	0	0
ordinary	gfx-rs/wgpu	c9eb295ef0	2026-09-28T15:43:04Z	0	0
ordinary	gfx-rs/wgpu	89d7bad71e	2026-09-28T14:08:06Z	0	0
ordinary	gfx-rs/wgpu	fcd059f423	2026-09-28T11:15:27Z	0	0
ordinary	gfx-rs/wgpu	5a7601baf4	2026-09-28T05:18:12Z	0	0
ordinary	gfx-rs/wgpu	2c3e503258	2026-09-27T21:09:48Z	0	0
ordinary	gfx-rs/wgpu	babefc0d26	2026-09-27T06:46:29Z	0	0
ordinary	gfx-rs/wgpu	1122932c10	2026-09-27T06:46:29Z	0	0
ordinary	gfx-rs/wgpu	988891de66	2026-09-27T06:46:29Z	0	0
ordinary	louis-e/arnis	daee5a7bff	2026-09-29T00:06:16+03:00	0	1
ordinary	louis-e/arnis	d4852aa3d7	2026-09-28T22:02:17+03:00	0	2
ordinary	louis-e/arnis	641c2100df	2026-09-28T19:04:04+03:00	0	1
ordinary	louis-e/arnis	7e9a4344c5	2026-09-28T18:53:15+03:00	0	3
ordinary	louis-e/arnis	69811f59d2	2026-09-28T17:31:07+03:00	0	7
ordinary	louis-e/arnis	788d5e9ca9	2026-09-27T14:40:36+03:00	0	0
ordinary	louis-e/arnis	e7cdeb99e2	2026-09-27T04:21:54+03:00	0	2
ordinary	louis-e/arnis	fc19146b3f	2026-09-21T18:38:54+03:00	0	0
ordinary	louis-e/arnis	80553b383f	2026-09-18T23:24:14+03:00	0	0
ordinary	louis-e/arnis	a967f6570c	2026-09-14T14:12:57+03:00	0	0
ordinary	eythaann/Seelen-UI	26fe9c1a67	2026-09-28T12:08:27-05:00	0	0
ordinary	eythaann/Seelen-UI	a9b8d89f53	2026-09-28T10:27:06-05:00	0	0
ordinary	eythaann/Seelen-UI	69334ab873	2026-09-28T10:27:00-05:00	0	0
ordinary	eythaann/Seelen-UI	6908895b4a	2026-09-28T10:26:53-05:00	0	0
ordinary	eythaann/Seelen-UI	2f180042d8	2026-09-28T14:46:20Z	0	0
ordinary	eythaann/Seelen-UI	fa087624a7	2026-09-28T14:44:26Z	0	0
ordinary	eythaann/Seelen-UI	4ad0a62008	2026-09-28T14:44:23Z	0	0
ordinary	eythaann/Seelen-UI	dd78666131	2026-09-28T14:42:48Z	0	0
ordinary	eythaann/Seelen-UI	83df1db2c7	2026-09-28T14:42:28Z	0	0
ordinary	eythaann/Seelen-UI	8500c7f64c	2026-09-28T14:40:19Z	0	0
ordinary	denisidoro/navi	7389f9544b	2026-09-20T12:07:15+02:00	0	0
ordinary	denisidoro/navi	17fb318a77	2026-09-15T07:30:18+02:00	0	0
ordinary	denisidoro/navi	f7330b9ad5	2026-07-28T11:05:10+02:00	0	0
ordinary	denisidoro/navi	a171c2938d	2026-07-28T10:58:28+02:00	0	0
ordinary	denisidoro/navi	9e6e8da6f5	2026-07-28T10:54:54+02:00	0	0
ordinary	denisidoro/navi	51060f94f9	2026-07-28T10:41:38+02:00	0	0
ordinary	denisidoro/navi	dc7e18f542	2026-07-28T10:40:33+02:00	0	0
ordinary	denisidoro/navi	cc40723617	2026-07-28T10:39:02+02:00	0	0
ordinary	denisidoro/navi	75eb060927	2026-07-28T10:38:07+02:00	0	0
ordinary	denisidoro/navi	9973dc8857	2026-07-28T10:36:27+02:00	0	0
ordinary	refactoringhq/tolaria	04030c3e0a	2026-09-26T00:28:02+02:00	0	2
ordinary	refactoringhq/tolaria	d9e02a1679	2026-09-26T00:09:33+02:00	0	2
ordinary	refactoringhq/tolaria	44740e4ae1	2026-09-25T23:50:17+02:00	0	7
ordinary	refactoringhq/tolaria	7435ef8901	2026-09-25T12:55:08+02:00	0	0
ordinary	refactoringhq/tolaria	d0e41fe6ec	2026-09-25T01:48:04+02:00	0	0
ordinary	refactoringhq/tolaria	83e0c2b860	2026-09-24T13:42:09+02:00	0	0
ordinary	refactoringhq/tolaria	f27bd5a33a	2026-09-24T12:39:25+02:00	0	2
ordinary	refactoringhq/tolaria	0987b82e0a	2026-09-24T09:47:27+02:00	0	0
ordinary	refactoringhq/tolaria	9c1bd1ed36	2026-09-24T09:42:39+02:00	0	0
ordinary	refactoringhq/tolaria	ebbcef5a67	2026-09-23T23:50:16+02:00	0	0
ordinary	whyour/qinglong	44129ca088	2026-09-29T01:06:47+08:00	0	4
ordinary	whyour/qinglong	def4917447	2026-09-29T00:52:33+08:00	0	1
ordinary	whyour/qinglong	bc0f35e3f7	2026-09-28T23:41:31+08:00	1	4
ordinary	whyour/qinglong	f168efcdae	2026-09-27T22:18:39+08:00	0	16
ordinary	whyour/qinglong	bf63425805	2026-09-27T16:45:09+08:00	0	8
ordinary	whyour/qinglong	a8310e7d51	2026-09-27T16:16:22+08:00	0	6
ordinary	whyour/qinglong	a67d44cde5	2026-09-26T01:40:39+08:00	0	1
ordinary	whyour/qinglong	6c487018c2	2026-09-26T01:17:28+08:00	0	2
ordinary	whyour/qinglong	801a71d740	2026-09-25T23:24:41+08:00	0	159
ordinary	whyour/qinglong	f051135fc4	2026-09-24T20:37:13+08:00	0	1
ordinary	apollographql/apollo-client	c9fcb07e17	2026-09-24T09:45:41-06:00	0	0
ordinary	apollographql/apollo-client	f660c1abe7	2026-09-19T08:19:46-03:00	0	0
ordinary	apollographql/apollo-client	4bb0b7ad64	2026-09-18T10:24:06-06:00	0	0
ordinary	apollographql/apollo-client	37f700eb4c	2026-09-18T16:12:58Z	0	3
ordinary	apollographql/apollo-client	d4f8770120	2026-09-11T13:01:17-06:00	0	0
ordinary	apollographql/apollo-client	d3c455ffc0	2026-09-11T12:42:07-06:00	0	0
ordinary	apollographql/apollo-client	0c925a4348	2026-09-11T12:31:04-06:00	0	166
ordinary	apollographql/apollo-client	70e3a11d93	2026-08-27T00:00:27Z	0	0
ordinary	apollographql/apollo-client	79e7c60fab	2026-08-26T08:52:49-04:00	0	0
ordinary	apollographql/apollo-client	54084bc22e	2026-08-14T10:11:07-06:00	0	8
ordinary	Open-Dev-Society/OpenStock	0248d5d928	2026-09-28T13:51:51+05:30	0	0
ordinary	Open-Dev-Society/OpenStock	391e72d780	2026-09-26T17:20:34+05:30	0	2
ordinary	Open-Dev-Society/OpenStock	87df76a2ce	2026-09-25T17:01:28+05:30	0	2
ordinary	Open-Dev-Society/OpenStock	130a69734d	2026-09-25T16:59:20+05:30	0	4
ordinary	Open-Dev-Society/OpenStock	e844ac413c	2026-09-25T16:41:41+05:30	0	13
ordinary	Open-Dev-Society/OpenStock	1819bdf8a5	2026-09-25T16:33:52+05:30	0	0
ordinary	Open-Dev-Society/OpenStock	573f9bac85	2026-09-25T16:33:52+05:30	0	1
ordinary	Open-Dev-Society/OpenStock	75a9ebb6f5	2026-09-25T16:33:52+05:30	0	1
ordinary	Open-Dev-Society/OpenStock	3cf500ad4c	2026-09-25T16:22:43+05:30	0	83
ordinary	Open-Dev-Society/OpenStock	eac13c65be	2026-09-25T13:03:41+05:30	0	1
ordinary	mountain-loop/yaak	7f30253616	2026-09-26T09:40:33-07:00	0	4
ordinary	mountain-loop/yaak	6c2a18d506	2026-09-26T08:54:30-07:00	0	1
ordinary	mountain-loop/yaak	0a57d8eb61	2026-09-25T10:50:22-07:00	0	2
ordinary	mountain-loop/yaak	411aa262c7	2026-09-25T10:06:11-07:00	0	3
ordinary	mountain-loop/yaak	34815f327a	2026-09-25T09:58:31-07:00	0	8
ordinary	mountain-loop/yaak	6fc43a60e2	2026-09-25T09:32:59-07:00	0	13
ordinary	mountain-loop/yaak	23d369d84e	2026-09-25T09:07:28-07:00	0	5
ordinary	mountain-loop/yaak	6e7f23a778	2026-09-24T22:09:37-07:00	0	0
ordinary	mountain-loop/yaak	b03c41b767	2026-09-24T22:09:33-07:00	0	0
ordinary	mountain-loop/yaak	a0d71eb486	2026-09-24T22:09:26-07:00	0	0
ordinary	mikf/gallery-dl	8b9a56d6b1	2026-09-27T12:07:38+02:00	1	0
ordinary	mikf/gallery-dl	19a64031b7	2026-09-19T15:54:56+02:00	1	0
ordinary	mikf/gallery-dl	d9eebbea04	2026-09-12T10:43:35+02:00	1	0
ordinary	mikf/gallery-dl	2adf2a8e00	2026-09-04T19:24:35+02:00	1	0
ordinary	mikf/gallery-dl	4f0abb2606	2026-08-29T10:28:17+02:00	1	0
ordinary	mikf/gallery-dl	86047cf67a	2026-08-01T11:53:34+02:00	1	0
ordinary	mikf/gallery-dl	8939a870a1	2026-07-25T11:24:18+02:00	1	0
ordinary	mikf/gallery-dl	f2ebb9936a	2026-07-25T11:22:32+02:00	0	0
ordinary	mikf/gallery-dl	d93587c8e1	2026-07-18T10:31:48+02:00	1	0
ordinary	mikf/gallery-dl	01f5dff21f	2026-07-11T12:02:05+02:00	1	0
ordinary	astral-sh/ty	f40d21a17d	2026-09-28T14:02:45+01:00	0	0
ordinary	astral-sh/ty	8e4aef298a	2026-09-24T19:05:54+01:00	0	0
ordinary	astral-sh/ty	bef3a06e67	2026-09-24T16:11:49Z	0	0
ordinary	astral-sh/ty	6a60da5e9c	2026-09-24T09:58:55-04:00	0	0
ordinary	astral-sh/ty	8dd9a7f7fa	2026-09-24T12:56:00Z	0	0
ordinary	astral-sh/ty	d4e4bf9090	2026-09-23T12:34:44-04:00	0	0
ordinary	astral-sh/ty	94ce7333ab	2026-09-23T09:49:07-04:00	0	0
ordinary	astral-sh/ty	901eeaa9cd	2026-09-23T08:40:35+02:00	0	0
ordinary	astral-sh/ty	09bf0b1b21	2026-09-23T08:40:28+02:00	0	0
ordinary	astral-sh/ty	89d6ffe529	2026-09-23T08:40:16+02:00	0	0
ordinary	teng-lin/notebooklm-py	4d6a4e5494	2026-09-28T16:38:35-04:00	0	0
ordinary	teng-lin/notebooklm-py	4e7960984b	2026-09-28T16:38:14-04:00	0	0
ordinary	teng-lin/notebooklm-py	2cd62cd7bd	2026-09-27T19:20:44-04:00	0	0
ordinary	teng-lin/notebooklm-py	833078ddfc	2026-09-27T19:20:32-04:00	0	0
ordinary	teng-lin/notebooklm-py	6e80bd3ba3	2026-09-27T18:54:42-04:00	8	0
ordinary	teng-lin/notebooklm-py	af19e326e6	2026-09-27T18:35:36-04:00	27	0
ordinary	teng-lin/notebooklm-py	4d92743240	2026-09-26T22:49:10-04:00	16	0
ordinary	teng-lin/notebooklm-py	ca86547706	2026-09-26T21:31:55-04:00	15	0
ordinary	teng-lin/notebooklm-py	cf889298c1	2026-09-26T12:52:22-04:00	14	0
ordinary	teng-lin/notebooklm-py	2c56ebbee6	2026-09-26T12:04:43-04:00	7	0
ordinary	kvcache-ai/ktransformers	c40722bf04	2026-09-23T13:07:33+08:00	0	0
ordinary	kvcache-ai/ktransformers	f7607c0f66	2026-09-19T11:06:54+08:00	0	0
ordinary	kvcache-ai/ktransformers	105359b4bf	2026-09-17T22:46:19+08:00	0	0
ordinary	kvcache-ai/ktransformers	4bf0974553	2026-09-17T22:44:33+08:00	0	0
ordinary	kvcache-ai/ktransformers	0b954fe4ca	2026-09-16T19:14:29+08:00	0	0
ordinary	kvcache-ai/ktransformers	0dce4c9b09	2026-09-14T22:56:13+08:00	0	0
ordinary	kvcache-ai/ktransformers	f312728aa9	2026-09-14T14:00:38+08:00	0	0
ordinary	kvcache-ai/ktransformers	4882505c9a	2026-09-13T21:52:06+08:00	0	0
ordinary	kvcache-ai/ktransformers	105cee4bd1	2026-09-13T17:51:54+08:00	3	0
ordinary	kvcache-ai/ktransformers	440df94802	2026-09-11T11:26:18+08:00	1	0
ordinary	huggingface/trl	9fa0abbd29	2026-09-28T15:18:48-04:00	7	0
ordinary	huggingface/trl	2270d95a37	2026-09-28T17:31:05+02:00	51	0
ordinary	huggingface/trl	b29d4bea3f	2026-09-28T17:30:48+02:00	8	0
ordinary	huggingface/trl	4688768775	2026-09-28T17:30:36+02:00	8	0
ordinary	huggingface/trl	d947c4f509	2026-09-28T09:48:51-04:00	2	0
ordinary	huggingface/trl	4c2d04825b	2026-09-28T11:25:03+02:00	0	0
ordinary	huggingface/trl	e8f888454c	2026-09-28T10:52:34+02:00	1	0
ordinary	huggingface/trl	0f23835538	2026-09-28T08:13:41+02:00	1	0
ordinary	huggingface/trl	6de4f740b1	2026-09-28T07:01:39+02:00	1	0
ordinary	huggingface/trl	05ce0987c7	2026-09-28T06:54:03+02:00	15	0
stratum	firecrawl/pdf-inspector	9d3caa4c20	2026-09-20T00:26:41-07:00	0	0
stratum	firecrawl/pdf-inspector	e460a45f73	2026-08-16T23:55:52-07:00	0	0
stratum	firecrawl/pdf-inspector	12d30b43b0	2026-08-16T23:55:51-07:00	0	0
stratum	firecrawl/pdf-inspector	dd467dd78d	2026-08-16T23:55:51-07:00	0	0
stratum	firecrawl/pdf-inspector	d9b83993df	2026-08-16T23:55:51-07:00	0	0
stratum	firecrawl/pdf-inspector	98990cc550	2026-08-03T10:09:23-07:00	0	0
stratum	firecrawl/pdf-inspector	5b287341a0	2026-07-17T14:09:43-07:00	0	0
stratum	firecrawl/pdf-inspector	c80bedf4bd	2026-07-14T20:11:19-07:00	0	0
stratum	firecrawl/pdf-inspector	85890648c9	2026-06-05T10:50:05-07:00	0	0
stratum	firecrawl/pdf-inspector	86476eb6b2	2026-04-02T12:18:53-07:00	2	3
stratum	gfx-rs/wgpu	818586c4d1	2026-09-01T14:54:46-07:00	0	0
stratum	gfx-rs/wgpu	80693405c4	2026-08-14T20:47:05-04:00	0	0
stratum	gfx-rs/wgpu	667b53cbef	2026-08-05T08:14:28-04:00	0	0
stratum	gfx-rs/wgpu	d0ecda96cd	2026-07-30T06:16:43-04:00	0	0
stratum	gfx-rs/wgpu	35743f2848	2026-06-29T14:31:39-04:00	0	2
stratum	gfx-rs/wgpu	3fb225a9c6	2026-06-26T03:52:05Z	0	0
stratum	gfx-rs/wgpu	013ed8769e	2026-04-08T19:32:00Z	0	0
stratum	gfx-rs/wgpu	5bc99d51b7	2026-03-26T18:15:01-04:00	0	0
stratum	gfx-rs/wgpu	098aaae40a	2026-03-24T13:52:54-06:00	0	0
stratum	gfx-rs/wgpu	f778c388be	2026-03-16T17:12:12Z	0	0
stratum	louis-e/arnis	7e9a4344c5	2026-09-28T18:53:15+03:00	0	3
stratum	louis-e/arnis	044c606978	2026-09-04T17:10:40+03:00	0	2
stratum	louis-e/arnis	17cdd620f2	2026-08-10T22:38:06+02:00	0	0
stratum	louis-e/arnis	7e2ba53b3b	2026-06-14T17:14:20+02:00	0	0
stratum	louis-e/arnis	b2259edc9c	2026-05-19T16:25:54+02:00	0	2
stratum	louis-e/arnis	011757baab	2026-05-17T22:11:11+02:00	0	1
stratum	louis-e/arnis	9a21648636	2026-04-21T17:08:32+02:00	0	1
stratum	louis-e/arnis	eb975a5eb5	2026-04-06T01:19:24+02:00	0	1
stratum	louis-e/arnis	b975ea19d7	2026-02-09T15:25:52+01:00	0	0
stratum	louis-e/arnis	f1dc3b8ffb	2026-01-27T18:23:14+01:00	0	1
stratum	eythaann/Seelen-UI	165d99ac7c	2026-09-12T11:50:04-05:00	0	4
stratum	eythaann/Seelen-UI	edc06d4fea	2026-08-27T16:59:20-05:00	0	0
stratum	eythaann/Seelen-UI	dafb961c84	2026-07-29T21:53:50-05:00	0	0
stratum	eythaann/Seelen-UI	3076c56cae	2026-07-28T18:26:01-05:00	0	2
stratum	eythaann/Seelen-UI	6a99edc9a2	2026-07-08T21:00:23-05:00	0	0
stratum	eythaann/Seelen-UI	c19ea6d310	2026-06-22T01:28:38-05:00	0	1
stratum	eythaann/Seelen-UI	dc8722a16f	2026-05-15T14:43:58-05:00	0	2
stratum	eythaann/Seelen-UI	b5bc93ac93	2026-05-14T02:36:03-05:00	0	0
stratum	eythaann/Seelen-UI	398a1d02bf	2026-05-08T21:45:40-05:00	0	1
stratum	eythaann/Seelen-UI	6657c50a5f	2026-04-17T07:45:53-05:00	0	7
stratum	denisidoro/navi	d8d0c099ae	2025-04-08T22:13:32+02:00	0	0
stratum	denisidoro/navi	b560ba572e	2023-12-10T06:20:08-03:00	0	0
stratum	denisidoro/navi	6f316ec7eb	2023-04-24T17:34:00-03:00	0	0
stratum	denisidoro/navi	8963749e6a	2023-04-08T20:53:25-03:00	0	0
stratum	denisidoro/navi	b56d70a6ca	2023-04-08T19:38:50-03:00	0	0
stratum	denisidoro/navi	7fb2b53463	2021-04-17T10:17:22-03:00	0	0
stratum	denisidoro/navi	243a2c8472	2021-04-06T10:33:05-03:00	0	0
stratum	denisidoro/navi	58dec4b8e8	2021-04-06T09:47:37-03:00	0	0
stratum	denisidoro/navi	5c43c5173a	2021-01-07T09:31:34-03:00	0	0
stratum	denisidoro/navi	8e324d5bd1	2020-11-26T19:03:37-03:00	0	0
stratum	refactoringhq/tolaria	44740e4ae1	2026-09-25T23:50:17+02:00	0	7
stratum	refactoringhq/tolaria	0b817a3e2c	2026-08-17T16:56:06+02:00	0	3
stratum	refactoringhq/tolaria	82afd143c1	2026-07-23T17:41:27+02:00	0	5
stratum	refactoringhq/tolaria	5dbbc155b5	2026-07-20T19:46:29+02:00	0	10
stratum	refactoringhq/tolaria	ae2ad574a7	2026-07-20T18:32:58+02:00	0	14
stratum	refactoringhq/tolaria	567d40b6df	2026-07-20T17:48:25+02:00	0	27
stratum	refactoringhq/tolaria	398ae5b884	2026-07-20T04:00:23+02:00	0	45
stratum	refactoringhq/tolaria	59629a488e	2026-07-04T12:20:47+02:00	0	7
stratum	refactoringhq/tolaria	ce242dc4b8	2026-06-22T12:00:05+02:00	0	4
stratum	refactoringhq/tolaria	60bb75a331	2026-06-19T14:56:23+02:00	0	51
stratum	whyour/qinglong	f168efcdae	2026-09-27T22:18:39+08:00	0	16
stratum	whyour/qinglong	801a71d740	2026-09-25T23:24:41+08:00	0	159
stratum	whyour/qinglong	24d539fc05	2026-07-19T00:40:40+08:00	0	0
stratum	whyour/qinglong	e8ac195c96	2026-06-01T18:20:18+08:00	0	10
stratum	whyour/qinglong	c3072e7712	2025-05-15T01:01:39+08:00	0	6
stratum	whyour/qinglong	d871585eee	2025-05-07T09:30:00+08:00	0	27
stratum	whyour/qinglong	6df651aa63	2025-01-29T23:29:45+08:00	1	7
stratum	whyour/qinglong	647ed3b66c	2025-01-11T01:59:46+08:00	3	12
stratum	whyour/qinglong	05f8bbd26e	2025-01-04T01:22:29+08:00	0	9
stratum	whyour/qinglong	678e3e2dc6	2024-12-30T14:23:04+08:00	0	10
stratum	apollographql/apollo-client	0c925a4348	2026-09-11T12:31:04-06:00	0	166
stratum	apollographql/apollo-client	7e018e8913	2026-07-02T10:28:12-06:00	0	2
stratum	apollographql/apollo-client	eee2c4d26c	2026-07-01T11:54:56-06:00	0	3
stratum	apollographql/apollo-client	2d1627c14d	2025-08-21T09:52:14-06:00	0	524
stratum	apollographql/apollo-client	12ecde91be	2025-01-21T12:30:03-07:00	0	22
stratum	apollographql/apollo-client	8e2a9d64d1	2024-12-06T11:24:41+01:00	0	10
stratum	apollographql/apollo-client	ca53c19f21	2024-12-04T11:17:31-07:00	0	65
stratum	apollographql/apollo-client	a923b06dea	2024-12-04T11:18:17+01:00	0	29
stratum	apollographql/apollo-client	6e70bd963e	2024-10-16T18:14:31+02:00	0	20
stratum	apollographql/apollo-client	73a8af67d6	2024-09-13T12:43:12+02:00	0	0
stratum	Open-Dev-Society/OpenStock	addb7e2c33	2026-03-21T13:42:15+05:30	0	5
stratum	Open-Dev-Society/OpenStock	c229dd3c72	2026-01-30T00:12:47+05:30	0	38
stratum	Open-Dev-Society/OpenStock	756fca8f7d	2025-12-12T23:44:57+05:30	0	1
stratum	Open-Dev-Society/OpenStock	bde774ad4b	2025-10-04T01:06:29+05:30	0	20
stratum	Open-Dev-Society/OpenStock	cc7e86d5a2	2025-10-03T00:43:56+05:30	0	7
stratum	Open-Dev-Society/OpenStock	ad0a0cb5ce	2025-10-02T23:52:40+05:30	0	16
stratum	Open-Dev-Society/OpenStock	f042523799	2025-09-29T13:52:25+05:30	0	6
stratum	mountain-loop/yaak	aa10c44a45	2026-09-24T14:50:44-07:00	0	50
stratum	mountain-loop/yaak	8c8be31aa2	2026-09-14T22:21:43-07:00	0	0
stratum	mountain-loop/yaak	aa76d501f0	2026-08-21T00:04:26-07:00	0	0
stratum	mountain-loop/yaak	69083918f9	2026-08-18T08:28:01-07:00	0	18
stratum	mountain-loop/yaak	7ca772347f	2026-08-17T10:38:52-07:00	0	2
stratum	mountain-loop/yaak	8bca013ab4	2026-08-16T11:22:02-07:00	0	2
stratum	mountain-loop/yaak	78954e10c8	2026-08-16T10:27:28-07:00	0	4
stratum	mountain-loop/yaak	6f91f76064	2026-08-16T07:34:48-07:00	0	19
stratum	mountain-loop/yaak	32e92d484b	2026-08-15T14:55:54-07:00	0	0
stratum	mountain-loop/yaak	1f91cddab9	2026-08-14T14:08:14-07:00	0	0
stratum	mikf/gallery-dl	20dc9d6443	2025-08-14T12:20:47+02:00	1	0
stratum	mikf/gallery-dl	4057cd93ed	2025-06-20T19:55:01+02:00	2	0
stratum	mikf/gallery-dl	68d5315be4	2025-06-17T11:48:54+02:00	1	0
stratum	astral-sh/ty	8e4aef298a	2026-09-24T19:05:54+01:00	0	0
stratum	astral-sh/ty	546f2202cb	2026-07-02T01:41:04-07:00	0	0
stratum	astral-sh/ty	e6c0420ac6	2025-12-12T10:33:53+05:30	0	0
stratum	astral-sh/ty	b225fd8b4a	2025-11-10T18:45:54+01:00	0	0
stratum	astral-sh/ty	c14037ab2a	2025-07-02T09:40:49-05:00	0	1
stratum	astral-sh/ty	52d16b44bc	2025-05-06T10:38:28-05:00	0	0
stratum	astral-sh/ty	b499d67f3e	2025-05-05T11:43:26+02:00	2	0
stratum	teng-lin/notebooklm-py	af19e326e6	2026-09-27T18:35:36-04:00	27	0
stratum	teng-lin/notebooklm-py	d5df15e778	2026-08-30T15:26:09-04:00	383	0
stratum	teng-lin/notebooklm-py	2d47b37277	2026-08-14T17:49:44-04:00	23	0
stratum	teng-lin/notebooklm-py	27972416a2	2026-06-27T21:18:22-04:00	13	0
stratum	teng-lin/notebooklm-py	781dd4c915	2026-06-27T10:28:15-04:00	14	0
stratum	teng-lin/notebooklm-py	e5beff998f	2026-06-10T20:17:17-04:00	34	0
stratum	teng-lin/notebooklm-py	50fabb7514	2026-06-10T19:46:44-04:00	187	0
stratum	teng-lin/notebooklm-py	40ef9916b0	2026-05-17T11:36:18-05:00	10	0
stratum	teng-lin/notebooklm-py	c7e2968f90	2026-05-15T21:29:41-04:00	3	0
stratum	teng-lin/notebooklm-py	89edf68a0e	2026-05-14T07:39:06-04:00	10	0
stratum	kvcache-ai/ktransformers	85308615b9	2026-04-24T12:08:38+08:00	6	0
stratum	kvcache-ai/ktransformers	15c624dcae	2026-03-04T16:54:48+08:00	6	0
stratum	kvcache-ai/ktransformers	d8046e1bb4	2025-12-24T15:39:44+08:00	45	0
stratum	kvcache-ai/ktransformers	51745a9ea1	2025-11-25T20:52:08+08:00	10	0
stratum	kvcache-ai/ktransformers	743f6f719b	2025-11-11T14:53:45+08:00	0	0
stratum	kvcache-ai/ktransformers	e40ba6dfae	2025-11-04T14:37:38+08:00	215	22
stratum	kvcache-ai/ktransformers	0d7482fcc4	2025-11-03T15:21:19+08:00	35	0
stratum	kvcache-ai/ktransformers	d7ab3b41b7	2025-10-24T14:33:10+08:00	0	0
stratum	kvcache-ai/ktransformers	d44800c1cf	2025-10-12T13:15:51+08:00	47	0
stratum	kvcache-ai/ktransformers	ffb1f7bf09	2025-04-29T06:18:45+08:00	24	0
stratum	huggingface/trl	5f5744ae4c	2026-08-17T21:27:27+02:00	0	0
stratum	huggingface/trl	9e2c72aa3a	2026-06-18T18:23:47+02:00	15	0
stratum	huggingface/trl	61711ac450	2026-05-14T20:02:15-04:00	0	0
stratum	huggingface/trl	6ad4f300bc	2026-05-05T23:09:10+05:30	8	0
stratum	huggingface/trl	25813b6ca6	2026-04-08T20:42:21-04:00	4	0
stratum	huggingface/trl	b86b7602bc	2026-03-19T09:45:18+01:00	8	0
stratum	huggingface/trl	fd296b5575	2026-01-16T15:37:31+01:00	2	0
stratum	huggingface/trl	e9aaa618d8	2026-01-13T18:52:27+01:00	9	0
stratum	huggingface/trl	ca21dd94c1	2025-12-08T20:45:47-07:00	15	0
stratum	huggingface/trl	07b5011b78	2025-11-12T21:07:33-07:00	3	0
