eythaann/Seelen-UI	libs/core/package-lock.json	node_modules/.deno/@tauri-apps+api@2.12.0/node_modules/@tauri-apps/api	no resolved
eythaann/Seelen-UI	libs/core/package-lock.json	node_modules/.deno/@tauri-apps+plugin-dialog@2.8.0	no resolved
eythaann/Seelen-UI	libs/core/package-lock.json	node_modules/.deno/@tauri-apps+plugin-process@2.4.0	no resolved
eythaann/Seelen-UI	libs/core/package-lock.json	node_modules/.deno/@ts-morph+common@0.29.0	no resolved
eythaann/Seelen-UI	libs/core/package-lock.json	node_modules/.deno/balanced-match@4.0.4/node_modules/balanced-match	no resolved
eythaann/Seelen-UI	libs/core/package-lock.json	node_modules/.deno/brace-expansion@5.0.7	no resolved
eythaann/Seelen-UI	libs/core/package-lock.json	node_modules/.deno/code-block-writer@13.0.3/node_modules/code-block-writer	no resolved
eythaann/Seelen-UI	libs/core/package-lock.json	node_modules/.deno/fdir@6.5.0	no resolved
eythaann/Seelen-UI	libs/core/package-lock.json	node_modules/.deno/minimatch@10.2.5	no resolved
eythaann/Seelen-UI	libs/core/package-lock.json	node_modules/.deno/path-browserify@1.0.1/node_modules/path-browserify	no resolved
eythaann/Seelen-UI	libs/core/package-lock.json	node_modules/.deno/picomatch@4.0.4/node_modules/picomatch	no resolved
eythaann/Seelen-UI	libs/core/package-lock.json	node_modules/.deno/tinyglobby@0.2.17	no resolved
eythaann/Seelen-UI	libs/core/package-lock.json	node_modules/.deno/ts-morph@28.0.0	no resolved
apollographql/apollo-client	package-lock.json	node_modules/@adobe/css-tools	no resolved
apollographql/apollo-client	package-lock.json	node_modules/@andrewbranch/untar.js	no resolved
apollographql/apollo-client	package-lock.json	node_modules/@arethetypeswrong/cli	no resolved
apollographql/apollo-client	package-lock.json	node_modules/@arethetypeswrong/cli/node_modules/commander	no resolved
apollographql/apollo-client	package-lock.json	node_modules/@arethetypeswrong/cli/node_modules/marked	no resolved
apollographql/apollo-client	package-lock.json	node_modules/@arethetypeswrong/cli/node_modules/semver	no resolved
apollographql/apollo-client	package-lock.json	node_modules/@arethetypeswrong/core	no resolved
apollographql/apollo-client	package-lock.json	node_modules/@arethetypeswrong/core/node_modules/semver	no resolved
apollographql/apollo-client	package-lock.json	node_modules/@arethetypeswrong/core/node_modules/typescript	no resolved
apollographql/apollo-client	package-lock.json	node_modules/@ark/attest	no resolved
apollographql/apollo-client	package-lock.json	node_modules/@ark/attest/node_modules/prettier	no resolved
apollographql/apollo-client	package-lock.json	node_modules/@ark/fs	no resolved
apollographql/apollo-client	package-lock.json	node_modules/@ark/schema	no resolved
apollographql/apollo-client	package-lock.json	node_modules/@ark/util	no resolved
apollographql/apollo-client	package-lock.json	node_modules/@asamuzakjp/css-color	no resolved
apollographql/apollo-client	package-lock.json	node_modules/@asamuzakjp/css-color/node_modules/lru-cache	no resolved
apollographql/apollo-client	package-lock.json	node_modules/@babel/helper-compilation-targets/node_modules/lru-cache	no resolved
apollographql/apollo-client	package-lock.json	node_modules/@babel/helper-compilation-targets/node_modules/yallist	no resolved
apollographql/apollo-client	package-lock.json	node_modules/@babel/helper-create-regexp-features-plugin	no resolved
apollographql/apollo-client	package-lock.json	node_modules/@babel/helper-define-polyfill-provider	no resolved
apollographql/apollo-client	package-lock.json	node_modules/@babel/helper-remap-async-to-generator	no resolved
apollographql/apollo-client	package-lock.json	node_modules/@babel/helper-wrap-function	no resolved
apollographql/apollo-client	package-lock.json	node_modules/@babel/parser	no resolved
apollographql/apollo-client	package-lock.json	node_modules/@babel/plugin-bugfix-firefox-class-in-computed-class-key	no resolved
apollographql/apollo-client	package-lock.json	node_modules/@babel/plugin-bugfix-safari-class-field-initializer-scope	no resolved
apollographql/apollo-client	package-lock.json	node_modules/@babel/plugin-bugfix-safari-id-destructuring-collision-in-function-expression	no resolved
apollographql/apollo-client	package-lock.json	node_modules/@babel/plugin-bugfix-v8-spread-parameters-in-optional-chaining	no resolved
apollographql/apollo-client	package-lock.json	node_modules/@babel/plugin-bugfix-v8-static-class-fields-redefine-readonly	no resolved
apollographql/apollo-client	package-lock.json	node_modules/@babel/plugin-proposal-private-property-in-object	no resolved
apollographql/apollo-client	package-lock.json	node_modules/@babel/plugin-syntax-async-generators	no resolved
apollographql/apollo-client	package-lock.json	node_modules/@babel/plugin-syntax-bigint	no resolved
apollographql/apollo-client	package-lock.json	node_modules/@babel/plugin-syntax-class-properties	no resolved
apollographql/apollo-client	package-lock.json	node_modules/@babel/plugin-syntax-import-assertions	no resolved
apollographql/apollo-client	package-lock.json	node_modules/@babel/plugin-syntax-import-attributes	no resolved
apollographql/apollo-client	package-lock.json	node_modules/@babel/plugin-syntax-import-meta	no resolved
apollographql/apollo-client	package-lock.json	node_modules/@babel/plugin-syntax-json-strings	no resolved
apollographql/apollo-client	package-lock.json	node_modules/@babel/plugin-syntax-logical-assignment-operators	no resolved
apollographql/apollo-client	package-lock.json	node_modules/@babel/plugin-syntax-nullish-coalescing-operator	no resolved
apollographql/apollo-client	package-lock.json	node_modules/@babel/plugin-syntax-numeric-separator	no resolved
apollographql/apollo-client	package-lock.json	node_modules/@babel/plugin-syntax-object-rest-spread	no resolved
apollographql/apollo-client	package-lock.json	node_modules/@babel/plugin-syntax-optional-catch-binding	no resolved
apollographql/apollo-client	package-lock.json	node_modules/@babel/plugin-syntax-optional-chaining	no resolved
apollographql/apollo-client	package-lock.json	node_modules/@babel/plugin-syntax-top-level-await	no resolved
apollographql/apollo-client	package-lock.json	node_modules/@babel/plugin-syntax-unicode-sets-regex	no resolved
apollographql/apollo-client	package-lock.json	node_modules/@babel/plugin-transform-arrow-functions	no resolved
apollographql/apollo-client	package-lock.json	node_modules/@babel/plugin-transform-async-generator-functions	no resolved
apollographql/apollo-client	package-lock.json	node_modules/@babel/plugin-transform-async-to-generator	no resolved
apollographql/apollo-client	package-lock.json	node_modules/@babel/plugin-transform-block-scoped-functions	no resolved
apollographql/apollo-client	package-lock.json	node_modules/@babel/plugin-transform-block-scoping	no resolved
apollographql/apollo-client	package-lock.json	node_modules/@babel/plugin-transform-class-properties	no resolved
apollographql/apollo-client	package-lock.json	node_modules/@babel/plugin-transform-class-static-block	no resolved
apollographql/apollo-client	package-lock.json	node_modules/@babel/plugin-transform-classes	no resolved
apollographql/apollo-client	package-lock.json	node_modules/@babel/plugin-transform-classes/node_modules/globals	no resolved
apollographql/apollo-client	package-lock.json	node_modules/@babel/plugin-transform-computed-properties	no resolved
apollographql/apollo-client	package-lock.json	node_modules/@babel/plugin-transform-destructuring	no resolved
apollographql/apollo-client	package-lock.json	node_modules/@babel/plugin-transform-dotall-regex	no resolved
apollographql/apollo-client	package-lock.json	node_modules/@babel/plugin-transform-duplicate-keys	no resolved
apollographql/apollo-client	package-lock.json	node_modules/@babel/plugin-transform-duplicate-named-capturing-groups-regex	no resolved
apollographql/apollo-client	package-lock.json	node_modules/@babel/plugin-transform-dynamic-import	no resolved
apollographql/apollo-client	package-lock.json	node_modules/@babel/plugin-transform-exponentiation-operator	no resolved
apollographql/apollo-client	package-lock.json	node_modules/@babel/plugin-transform-export-namespace-from	no resolved
apollographql/apollo-client	package-lock.json	node_modules/@babel/plugin-transform-for-of	no resolved
apollographql/apollo-client	package-lock.json	node_modules/@babel/plugin-transform-function-name	no resolved
apollographql/apollo-client	package-lock.json	node_modules/@babel/plugin-transform-json-strings	no resolved
apollographql/apollo-client	package-lock.json	node_modules/@babel/plugin-transform-literals	no resolved
apollographql/apollo-client	package-lock.json	node_modules/@babel/plugin-transform-logical-assignment-operators	no resolved
apollographql/apollo-client	package-lock.json	node_modules/@babel/plugin-transform-member-expression-literals	no resolved
apollographql/apollo-client	package-lock.json	node_modules/@babel/plugin-transform-modules-amd	no resolved
apollographql/apollo-client	package-lock.json	node_modules/@babel/plugin-transform-modules-systemjs	no resolved
apollographql/apollo-client	package-lock.json	node_modules/@babel/plugin-transform-modules-umd	no resolved
apollographql/apollo-client	package-lock.json	node_modules/@babel/plugin-transform-named-capturing-groups-regex	no resolved
apollographql/apollo-client	package-lock.json	node_modules/@babel/plugin-transform-new-target	no resolved
apollographql/apollo-client	package-lock.json	node_modules/@babel/plugin-transform-nullish-coalescing-operator	no resolved
apollographql/apollo-client	package-lock.json	node_modules/@babel/plugin-transform-numeric-separator	no resolved
apollographql/apollo-client	package-lock.json	node_modules/@babel/plugin-transform-object-rest-spread	no resolved
apollographql/apollo-client	package-lock.json	node_modules/@babel/plugin-transform-object-super	no resolved
apollographql/apollo-client	package-lock.json	node_modules/@babel/plugin-transform-optional-catch-binding	no resolved
apollographql/apollo-client	package-lock.json	node_modules/@babel/plugin-transform-optional-chaining	no resolved
apollographql/apollo-client	package-lock.json	node_modules/@babel/plugin-transform-parameters	no resolved
apollographql/apollo-client	package-lock.json	node_modules/@babel/plugin-transform-private-methods	no resolved
apollographql/apollo-client	package-lock.json	node_modules/@babel/plugin-transform-private-property-in-object	no resolved
apollographql/apollo-client	package-lock.json	node_modules/@babel/plugin-transform-property-literals	no resolved
apollographql/apollo-client	package-lock.json	node_modules/@babel/plugin-transform-regenerator	no resolved
apollographql/apollo-client	package-lock.json	node_modules/@babel/plugin-transform-regexp-modifiers	no resolved
apollographql/apollo-client	package-lock.json	node_modules/@babel/plugin-transform-reserved-words	no resolved
apollographql/apollo-client	package-lock.json	node_modules/@babel/plugin-transform-shorthand-properties	no resolved
apollographql/apollo-client	package-lock.json	node_modules/@babel/plugin-transform-spread	no resolved
apollographql/apollo-client	package-lock.json	node_modules/@babel/plugin-transform-sticky-regex	no resolved
apollographql/apollo-client	package-lock.json	node_modules/@babel/plugin-transform-template-literals	no resolved
apollographql/apollo-client	package-lock.json	node_modules/@babel/plugin-transform-typeof-symbol	no resolved
apollographql/apollo-client	package-lock.json	node_modules/@babel/plugin-transform-unicode-escapes	no resolved
apollographql/apollo-client	package-lock.json	node_modules/@babel/plugin-transform-unicode-property-regex	no resolved
apollographql/apollo-client	package-lock.json	node_modules/@babel/plugin-transform-unicode-regex	no resolved
apollographql/apollo-client	package-lock.json	node_modules/@babel/plugin-transform-unicode-sets-regex	no resolved
apollographql/apollo-client	package-lock.json	node_modules/@babel/preset-env	no resolved
apollographql/apollo-client	package-lock.json	node_modules/@babel/preset-modules	no resolved
apollographql/apollo-client	package-lock.json	node_modules/@changesets/apply-release-plan	no resolved
apollographql/apollo-client	package-lock.json	node_modules/@changesets/apply-release-plan/node_modules/prettier	no resolved
apollographql/apollo-client	package-lock.json	node_modules/@changesets/apply-release-plan/node_modules/semver	no resolved
apollographql/apollo-client	package-lock.json	node_modules/@changesets/assemble-release-plan	no resolved
apollographql/apollo-client	package-lock.json	node_modules/@changesets/assemble-release-plan/node_modules/semver	no resolved
apollographql/apollo-client	package-lock.json	node_modules/@changesets/changelog-git	no resolved
apollographql/apollo-client	package-lock.json	node_modules/@changesets/changelog-github	no resolved
apollographql/apollo-client	package-lock.json	node_modules/@changesets/cli	no resolved
apollographql/apollo-client	package-lock.json	node_modules/@changesets/cli/node_modules/chalk	no resolved
apollographql/apollo-client	package-lock.json	node_modules/@changesets/cli/node_modules/has-flag	no resolved
apollographql/apollo-client	package-lock.json	node_modules/@changesets/cli/node_modules/semver	no resolved
apollographql/apollo-client	package-lock.json	node_modules/@changesets/cli/node_modules/supports-color	no resolved
apollographql/apollo-client	package-lock.json	node_modules/@changesets/config	no resolved
apollographql/apollo-client	package-lock.json	node_modules/@changesets/errors	no resolved
apollographql/apollo-client	package-lock.json	node_modules/@changesets/get-dependents-graph	no resolved
apollographql/apollo-client	package-lock.json	node_modules/@changesets/get-dependents-graph/node_modules/chalk	no resolved
apollographql/apollo-client	package-lock.json	node_modules/@changesets/get-dependents-graph/node_modules/has-flag	no resolved
apollographql/apollo-client	package-lock.json	node_modules/@changesets/get-dependents-graph/node_modules/semver	no resolved
apollographql/apollo-client	package-lock.json	node_modules/@changesets/get-dependents-graph/node_modules/supports-color	no resolved
apollographql/apollo-client	package-lock.json	node_modules/@changesets/get-github-info	no resolved
apollographql/apollo-client	package-lock.json	node_modules/@changesets/get-release-plan	no resolved
apollographql/apollo-client	package-lock.json	node_modules/@changesets/get-version-range-type	no resolved
apollographql/apollo-client	package-lock.json	node_modules/@changesets/git	no resolved
apollographql/apollo-client	package-lock.json	node_modules/@changesets/logger	no resolved
apollographql/apollo-client	package-lock.json	node_modules/@changesets/logger/node_modules/chalk	no resolved
apollographql/apollo-client	package-lock.json	node_modules/@changesets/logger/node_modules/has-flag	no resolved
apollographql/apollo-client	package-lock.json	node_modules/@changesets/logger/node_modules/supports-color	no resolved
apollographql/apollo-client	package-lock.json	node_modules/@changesets/parse	no resolved
apollographql/apollo-client	package-lock.json	node_modules/@changesets/pre	no resolved
apollographql/apollo-client	package-lock.json	node_modules/@changesets/read	no resolved
apollographql/apollo-client	package-lock.json	node_modules/@changesets/read/node_modules/chalk	no resolved
apollographql/apollo-client	package-lock.json	node_modules/@changesets/read/node_modules/has-flag	no resolved
apollographql/apollo-client	package-lock.json	node_modules/@changesets/read/node_modules/supports-color	no resolved
apollographql/apollo-client	package-lock.json	node_modules/@changesets/should-skip-package	no resolved
apollographql/apollo-client	package-lock.json	node_modules/@changesets/types	no resolved
apollographql/apollo-client	package-lock.json	node_modules/@changesets/write	no resolved
apollographql/apollo-client	package-lock.json	node_modules/@changesets/write/node_modules/prettier	no resolved
apollographql/apollo-client	package-lock.json	node_modules/@colors/colors	no resolved
apollographql/apollo-client	package-lock.json	node_modules/@dependents/detective-less	no resolved
apollographql/apollo-client	package-lock.json	node_modules/@esbuild/darwin-arm64	no resolved
apollographql/apollo-client	package-lock.json	node_modules/@humanfs/core	no resolved
apollographql/apollo-client	package-lock.json	node_modules/@humanfs/node	no resolved
apollographql/apollo-client	package-lock.json	node_modules/@humanfs/node/node_modules/@humanwhocodes/retry	no resolved
apollographql/apollo-client	package-lock.json	node_modules/@humanwhocodes/module-importer	no resolved
apollographql/apollo-client	package-lock.json	node_modules/@isaacs/cliui	no resolved
apollographql/apollo-client	package-lock.json	node_modules/@isaacs/cliui/node_modules/ansi-regex	no resolved
apollographql/apollo-client	package-lock.json	node_modules/@isaacs/cliui/node_modules/ansi-styles	no resolved
apollographql/apollo-client	package-lock.json	node_modules/@isaacs/cliui/node_modules/emoji-regex	no resolved
apollographql/apollo-client	package-lock.json	node_modules/@isaacs/cliui/node_modules/string-width	no resolved
apollographql/apollo-client	package-lock.json	node_modules/@isaacs/cliui/node_modules/strip-ansi	no resolved
apollographql/apollo-client	package-lock.json	node_modules/@isaacs/cliui/node_modules/wrap-ansi	no resolved
apollographql/apollo-client	package-lock.json	node_modules/@istanbuljs/load-nyc-config	no resolved
apollographql/apollo-client	package-lock.json	node_modules/@istanbuljs/schema	no resolved
apollographql/apollo-client	package-lock.json	node_modules/@jest/schemas	no resolved
apollographql/apollo-client	package-lock.json	node_modules/@jridgewell/resolve-uri	no resolved
apollographql/apollo-client	package-lock.json	node_modules/@jridgewell/source-map	no resolved
apollographql/apollo-client	package-lock.json	node_modules/@jridgewell/sourcemap-codec	no resolved
apollographql/apollo-client	package-lock.json	node_modules/@manypkg/find-root	no resolved
apollographql/apollo-client	package-lock.json	node_modules/@manypkg/find-root/node_modules/@types/node	no resolved
apollographql/apollo-client	package-lock.json	node_modules/@manypkg/find-root/node_modules/fs-extra	no resolved
apollographql/apollo-client	package-lock.json	node_modules/@manypkg/get-packages	no resolved
apollographql/apollo-client	package-lock.json	node_modules/@manypkg/get-packages/node_modules/@changesets/types	no resolved
apollographql/apollo-client	package-lock.json	node_modules/@manypkg/get-packages/node_modules/fs-extra	no resolved
apollographql/apollo-client	package-lock.json	node_modules/@nodelib/fs.scandir	no resolved
apollographql/apollo-client	package-lock.json	node_modules/@nodelib/fs.stat	no resolved
apollographql/apollo-client	package-lock.json	node_modules/@nodelib/fs.walk	no resolved
apollographql/apollo-client	package-lock.json	node_modules/@nolyfill/is-core-module	no resolved
apollographql/apollo-client	package-lock.json	node_modules/@octokit/auth-token	no resolved
apollographql/apollo-client	package-lock.json	node_modules/@octokit/core	no resolved
apollographql/apollo-client	package-lock.json	node_modules/@octokit/core/node_modules/@octokit/openapi-types	no resolved
apollographql/apollo-client	package-lock.json	node_modules/@octokit/core/node_modules/@octokit/types	no resolved
apollographql/apollo-client	package-lock.json	node_modules/@octokit/graphql	no resolved
apollographql/apollo-client	package-lock.json	node_modules/@octokit/graphql/node_modules/@octokit/openapi-types	no resolved
apollographql/apollo-client	package-lock.json	node_modules/@octokit/graphql/node_modules/@octokit/types	no resolved
apollographql/apollo-client	package-lock.json	node_modules/@octokit/openapi-types	no resolved
apollographql/apollo-client	package-lock.json	node_modules/@octokit/plugin-rest-endpoint-methods	no resolved
apollographql/apollo-client	package-lock.json	node_modules/@octokit/request-error/node_modules/@octokit/openapi-types	no resolved
apollographql/apollo-client	package-lock.json	node_modules/@octokit/request-error/node_modules/@octokit/types	no resolved
apollographql/apollo-client	package-lock.json	node_modules/@octokit/request/node_modules/@octokit/openapi-types	no resolved
apollographql/apollo-client	package-lock.json	node_modules/@octokit/request/node_modules/@octokit/types	no resolved
apollographql/apollo-client	package-lock.json	node_modules/@octokit/types	no resolved
apollographql/apollo-client	package-lock.json	node_modules/@pkgjs/parseargs	no resolved
apollographql/apollo-client	package-lock.json	node_modules/@prettier/sync	no resolved
apollographql/apollo-client	package-lock.json	node_modules/@publint/pack	no resolved
apollographql/apollo-client	package-lock.json	node_modules/@rtsao/scc	no resolved
apollographql/apollo-client	package-lock.json	node_modules/@sinclair/typebox	no resolved
apollographql/apollo-client	package-lock.json	node_modules/@sindresorhus/is	no resolved
apollographql/apollo-client	package-lock.json	node_modules/@sindresorhus/merge-streams	no resolved
apollographql/apollo-client	package-lock.json	node_modules/@size-limit/esbuild	no resolved
apollographql/apollo-client	package-lock.json	node_modules/@size-limit/esbuild-why	no resolved
apollographql/apollo-client	package-lock.json	node_modules/@size-limit/esbuild-why/node_modules/is-wsl	no resolved
apollographql/apollo-client	package-lock.json	node_modules/@size-limit/esbuild-why/node_modules/open	no resolved
apollographql/apollo-client	package-lock.json	node_modules/@size-limit/file	no resolved
apollographql/apollo-client	package-lock.json	node_modules/@size-limit/preset-small-lib	no resolved
apollographql/apollo-client	package-lock.json	node_modules/@snyk/github-codeowners	no resolved
apollographql/apollo-client	package-lock.json	node_modules/@snyk/github-codeowners/node_modules/commander	no resolved
apollographql/apollo-client	package-lock.json	node_modules/@snyk/github-codeowners/node_modules/p-map	no resolved
apollographql/apollo-client	package-lock.json	node_modules/@testing-library/jest-dom/node_modules/dom-accessibility-api	no resolved
apollographql/apollo-client	package-lock.json	node_modules/@testing-library/react	no resolved
apollographql/apollo-client	package-lock.json	node_modules/@testing-library/user-event	no resolved
apollographql/apollo-client	package-lock.json	node_modules/@ts-graphviz/adapter	no resolved
apollographql/apollo-client	package-lock.json	node_modules/@ts-graphviz/ast	no resolved
apollographql/apollo-client	package-lock.json	node_modules/@ts-graphviz/common	no resolved
apollographql/apollo-client	package-lock.json	node_modules/@ts-graphviz/core	no resolved
apollographql/apollo-client	package-lock.json	node_modules/@types/aria-query	no resolved
apollographql/apollo-client	package-lock.json	node_modules/@types/babel__preset-env	no resolved
apollographql/apollo-client	package-lock.json	node_modules/@types/fetch-mock	no resolved
apollographql/apollo-client	package-lock.json	node_modules/@types/istanbul-lib-report	no resolved
apollographql/apollo-client	package-lock.json	node_modules/@types/jsesc	no resolved
apollographql/apollo-client	package-lock.json	node_modules/@types/json5	no resolved
apollographql/apollo-client	package-lock.json	node_modules/@types/relay-runtime	no resolved
apollographql/apollo-client	package-lock.json	node_modules/@types/semver	no resolved
apollographql/apollo-client	package-lock.json	node_modules/@types/use-sync-external-store	no resolved
apollographql/apollo-client	package-lock.json	node_modules/@types/yargs-parser	no resolved
apollographql/apollo-client	package-lock.json	node_modules/@typescript-eslint/rule-tester/node_modules/ajv	no resolved
apollographql/apollo-client	package-lock.json	node_modules/@typescript-eslint/rule-tester/node_modules/json-schema-traverse	no resolved
apollographql/apollo-client	package-lock.json	node_modules/@typescript/analyze-trace	no resolved
apollographql/apollo-client	package-lock.json	node_modules/@typescript/analyze-trace/node_modules/cliui	no resolved
apollographql/apollo-client	package-lock.json	node_modules/@typescript/analyze-trace/node_modules/p-limit	no resolved
apollographql/apollo-client	package-lock.json	node_modules/@typescript/analyze-trace/node_modules/yargs	no resolved
apollographql/apollo-client	package-lock.json	node_modules/@typescript/analyze-trace/node_modules/yargs-parser	no resolved
apollographql/apollo-client	package-lock.json	node_modules/@typescript/vfs	no resolved
apollographql/apollo-client	package-lock.json	node_modules/@vue/compiler-core	no resolved
apollographql/apollo-client	package-lock.json	node_modules/@vue/compiler-core/node_modules/@babel/parser	no resolved
apollographql/apollo-client	package-lock.json	node_modules/@vue/compiler-dom	no resolved
apollographql/apollo-client	package-lock.json	node_modules/@vue/compiler-sfc	no resolved
apollographql/apollo-client	package-lock.json	node_modules/@vue/compiler-sfc/node_modules/@babel/parser	no resolved
apollographql/apollo-client	package-lock.json	node_modules/@vue/compiler-ssr	no resolved
apollographql/apollo-client	package-lock.json	node_modules/@vue/shared	no resolved
apollographql/apollo-client	package-lock.json	node_modules/@wry/caches	no resolved
apollographql/apollo-client	package-lock.json	node_modules/@wry/context	no resolved
apollographql/apollo-client	package-lock.json	node_modules/@wry/equality	no resolved
apollographql/apollo-client	package-lock.json	node_modules/@wry/trie	no resolved
apollographql/apollo-client	package-lock.json	node_modules/@yarnpkg/lockfile	no resolved
apollographql/apollo-client	package-lock.json	node_modules/acorn-jsx	no resolved
apollographql/apollo-client	package-lock.json	node_modules/acorn-walk	no resolved
apollographql/apollo-client	package-lock.json	node_modules/agent-base	no resolved
apollographql/apollo-client	package-lock.json	node_modules/aggregate-error	no resolved
apollographql/apollo-client	package-lock.json	node_modules/amdefine	no resolved
apollographql/apollo-client	package-lock.json	node_modules/ansi-colors	no resolved
apollographql/apollo-client	package-lock.json	node_modules/ansi-regex	no resolved
apollographql/apollo-client	package-lock.json	node_modules/ansi-sequence-parser	no resolved
apollographql/apollo-client	package-lock.json	node_modules/ansi-styles	no resolved
apollographql/apollo-client	package-lock.json	node_modules/ansicolors	no resolved
apollographql/apollo-client	package-lock.json	node_modules/any-promise	no resolved
apollographql/apollo-client	package-lock.json	node_modules/anymatch	no resolved
apollographql/apollo-client	package-lock.json	node_modules/app-module-path	no resolved
apollographql/apollo-client	package-lock.json	node_modules/argparse	no resolved
apollographql/apollo-client	package-lock.json	node_modules/aria-query	no resolved
apollographql/apollo-client	package-lock.json	node_modules/arktype	no resolved
apollographql/apollo-client	package-lock.json	node_modules/array-buffer-byte-length	no resolved
apollographql/apollo-client	package-lock.json	node_modules/array-union	no resolved
apollographql/apollo-client	package-lock.json	node_modules/array.prototype.flat	no resolved
apollographql/apollo-client	package-lock.json	node_modules/array.prototype.flatmap	no resolved
apollographql/apollo-client	package-lock.json	node_modules/arraybuffer.prototype.slice	no resolved
apollographql/apollo-client	package-lock.json	node_modules/ast-module-types	no resolved
apollographql/apollo-client	package-lock.json	node_modules/ast-types	no resolved
apollographql/apollo-client	package-lock.json	node_modules/async-function	no resolved
apollographql/apollo-client	package-lock.json	node_modules/available-typed-arrays	no resolved
apollographql/apollo-client	package-lock.json	node_modules/babel-plugin-polyfill-corejs2	no resolved
apollographql/apollo-client	package-lock.json	node_modules/babel-plugin-polyfill-corejs3	no resolved
apollographql/apollo-client	package-lock.json	node_modules/babel-plugin-polyfill-regenerator	no resolved
apollographql/apollo-client	package-lock.json	node_modules/backo2	no resolved
apollographql/apollo-client	package-lock.json	node_modules/balanced-match	no resolved
apollographql/apollo-client	package-lock.json	node_modules/base64-js	no resolved
apollographql/apollo-client	package-lock.json	node_modules/before-after-hook	no resolved
apollographql/apollo-client	package-lock.json	node_modules/better-path-resolve	no resolved
apollographql/apollo-client	package-lock.json	node_modules/binary-extensions	no resolved
apollographql/apollo-client	package-lock.json	node_modules/bl	no resolved
apollographql/apollo-client	package-lock.json	node_modules/brace-expansion	no resolved
apollographql/apollo-client	package-lock.json	node_modules/braces	no resolved
apollographql/apollo-client	package-lock.json	node_modules/browserslist	no resolved
apollographql/apollo-client	package-lock.json	node_modules/bs-logger	no resolved
apollographql/apollo-client	package-lock.json	node_modules/bser	no resolved
apollographql/apollo-client	package-lock.json	node_modules/buffer	no resolved
apollographql/apollo-client	package-lock.json	node_modules/buffer-from	no resolved
apollographql/apollo-client	package-lock.json	node_modules/bundle-name	no resolved
apollographql/apollo-client	package-lock.json	node_modules/bytes-iec	no resolved
apollographql/apollo-client	package-lock.json	node_modules/call-bind	no resolved
apollographql/apollo-client	package-lock.json	node_modules/call-bind-apply-helpers	no resolved
apollographql/apollo-client	package-lock.json	node_modules/call-bound	no resolved
apollographql/apollo-client	package-lock.json	node_modules/callsites	no resolved
apollographql/apollo-client	package-lock.json	node_modules/camelcase	no resolved
apollographql/apollo-client	package-lock.json	node_modules/caniuse-lite	no resolved
apollographql/apollo-client	package-lock.json	node_modules/cardinal	no resolved
apollographql/apollo-client	package-lock.json	node_modules/chalk	no resolved
apollographql/apollo-client	package-lock.json	node_modules/chalk/node_modules/ansi-styles	no resolved
apollographql/apollo-client	package-lock.json	node_modules/chalk/node_modules/color-convert	no resolved
apollographql/apollo-client	package-lock.json	node_modules/chalk/node_modules/color-name	no resolved
apollographql/apollo-client	package-lock.json	node_modules/char-regex	no resolved
apollographql/apollo-client	package-lock.json	node_modules/chardet	no resolved
apollographql/apollo-client	package-lock.json	node_modules/chokidar	no resolved
apollographql/apollo-client	package-lock.json	node_modules/ci-info	no resolved
apollographql/apollo-client	package-lock.json	node_modules/clean-stack	no resolved
apollographql/apollo-client	package-lock.json	node_modules/cli-cursor	no resolved
apollographql/apollo-client	package-lock.json	node_modules/cli-spinners	no resolved
apollographql/apollo-client	package-lock.json	node_modules/cli-table3	no resolved
apollographql/apollo-client	package-lock.json	node_modules/cliui	no resolved
apollographql/apollo-client	package-lock.json	node_modules/clone	no resolved
apollographql/apollo-client	package-lock.json	node_modules/color-convert	no resolved
apollographql/apollo-client	package-lock.json	node_modules/color-name	no resolved
apollographql/apollo-client	package-lock.json	node_modules/commander	no resolved
apollographql/apollo-client	package-lock.json	node_modules/commondir	no resolved
apollographql/apollo-client	package-lock.json	node_modules/concat-map	no resolved
apollographql/apollo-client	package-lock.json	node_modules/core-js	no resolved
apollographql/apollo-client	package-lock.json	node_modules/core-js-compat	no resolved
apollographql/apollo-client	package-lock.json	node_modules/cross-inspect	no resolved
apollographql/apollo-client	package-lock.json	node_modules/cross-spawn	no resolved
apollographql/apollo-client	package-lock.json	node_modules/css.escape	no resolved
apollographql/apollo-client	package-lock.json	node_modules/cssstyle	no resolved
apollographql/apollo-client	package-lock.json	node_modules/data-urls	no resolved
apollographql/apollo-client	package-lock.json	node_modules/data-urls/node_modules/tr46	no resolved
apollographql/apollo-client	package-lock.json	node_modules/data-urls/node_modules/webidl-conversions	no resolved
apollographql/apollo-client	package-lock.json	node_modules/data-urls/node_modules/whatwg-url	no resolved
apollographql/apollo-client	package-lock.json	node_modules/data-view-buffer	no resolved
apollographql/apollo-client	package-lock.json	node_modules/data-view-byte-length	no resolved
apollographql/apollo-client	package-lock.json	node_modules/data-view-byte-offset	no resolved
apollographql/apollo-client	package-lock.json	node_modules/dataloader	no resolved
apollographql/apollo-client	package-lock.json	node_modules/debug	no resolved
apollographql/apollo-client	package-lock.json	node_modules/deep-extend	no resolved
apollographql/apollo-client	package-lock.json	node_modules/deep-is	no resolved
apollographql/apollo-client	package-lock.json	node_modules/default-browser	no resolved
apollographql/apollo-client	package-lock.json	node_modules/default-browser-id	no resolved
apollographql/apollo-client	package-lock.json	node_modules/defaults	no resolved
apollographql/apollo-client	package-lock.json	node_modules/define-data-property	no resolved
apollographql/apollo-client	package-lock.json	node_modules/define-lazy-prop	no resolved
apollographql/apollo-client	package-lock.json	node_modules/define-properties	no resolved
apollographql/apollo-client	package-lock.json	node_modules/dependency-tree	no resolved
apollographql/apollo-client	package-lock.json	node_modules/dependency-tree/node_modules/commander	no resolved
apollographql/apollo-client	package-lock.json	node_modules/deprecation	no resolved
apollographql/apollo-client	package-lock.json	node_modules/dequal	no resolved
apollographql/apollo-client	package-lock.json	node_modules/detect-indent	no resolved
apollographql/apollo-client	package-lock.json	node_modules/detective-amd	no resolved
apollographql/apollo-client	package-lock.json	node_modules/detective-cjs	no resolved
apollographql/apollo-client	package-lock.json	node_modules/detective-es6	no resolved
apollographql/apollo-client	package-lock.json	node_modules/detective-postcss	no resolved
apollographql/apollo-client	package-lock.json	node_modules/detective-sass	no resolved
apollographql/apollo-client	package-lock.json	node_modules/detective-scss	no resolved
apollographql/apollo-client	package-lock.json	node_modules/detective-stylus	no resolved
apollographql/apollo-client	package-lock.json	node_modules/detective-typescript	no resolved
apollographql/apollo-client	package-lock.json	node_modules/detective-vue2	no resolved
apollographql/apollo-client	package-lock.json	node_modules/diff-sequences	no resolved
apollographql/apollo-client	package-lock.json	node_modules/dir-glob	no resolved
apollographql/apollo-client	package-lock.json	node_modules/dom-accessibility-api	no resolved
apollographql/apollo-client	package-lock.json	node_modules/dotenv	no resolved
apollographql/apollo-client	package-lock.json	node_modules/dunder-proto	no resolved
apollographql/apollo-client	package-lock.json	node_modules/eastasianwidth	no resolved
apollographql/apollo-client	package-lock.json	node_modules/easy-table	no resolved
apollographql/apollo-client	package-lock.json	node_modules/electron-to-chromium	no resolved
apollographql/apollo-client	package-lock.json	node_modules/emoji-regex	no resolved
apollographql/apollo-client	package-lock.json	node_modules/emojilib	no resolved
apollographql/apollo-client	package-lock.json	node_modules/enhanced-resolve	no resolved
apollographql/apollo-client	package-lock.json	node_modules/enquirer	no resolved
apollographql/apollo-client	package-lock.json	node_modules/entities	no resolved
apollographql/apollo-client	package-lock.json	node_modules/error-ex	no resolved
apollographql/apollo-client	package-lock.json	node_modules/es-define-property	no resolved
apollographql/apollo-client	package-lock.json	node_modules/es-errors	no resolved
apollographql/apollo-client	package-lock.json	node_modules/es-object-atoms	no resolved
apollographql/apollo-client	package-lock.json	node_modules/es-set-tostringtag	no resolved
apollographql/apollo-client	package-lock.json	node_modules/es-shim-unscopables	no resolved
apollographql/apollo-client	package-lock.json	node_modules/es-to-primitive	no resolved
apollographql/apollo-client	package-lock.json	node_modules/esbuild	no resolved
apollographql/apollo-client	package-lock.json	node_modules/esbuild-visualizer	no resolved
apollographql/apollo-client	package-lock.json	node_modules/esbuild-visualizer/node_modules/define-lazy-prop	no resolved
apollographql/apollo-client	package-lock.json	node_modules/esbuild-visualizer/node_modules/open	no resolved
apollographql/apollo-client	package-lock.json	node_modules/escalade	no resolved
apollographql/apollo-client	package-lock.json	node_modules/escape-string-regexp	no resolved
apollographql/apollo-client	package-lock.json	node_modules/escodegen	no resolved
apollographql/apollo-client	package-lock.json	node_modules/eslint-import-resolver-node	no resolved
apollographql/apollo-client	package-lock.json	node_modules/eslint-import-resolver-node/node_modules/debug	no resolved
apollographql/apollo-client	package-lock.json	node_modules/eslint-import-resolver-typescript	no resolved
apollographql/apollo-client	package-lock.json	node_modules/eslint-plugin-import/node_modules/debug	no resolved
apollographql/apollo-client	package-lock.json	node_modules/eslint-plugin-import/node_modules/doctrine	no resolved
apollographql/apollo-client	package-lock.json	node_modules/eslint-plugin-local-rules	no resolved
apollographql/apollo-client	package-lock.json	node_modules/eslint-plugin-testing-library	no resolved
apollographql/apollo-client	package-lock.json	node_modules/eslint-visitor-keys	no resolved
apollographql/apollo-client	package-lock.json	node_modules/eslint/node_modules/ajv	no resolved
apollographql/apollo-client	package-lock.json	node_modules/eslint/node_modules/escape-string-regexp	no resolved
apollographql/apollo-client	package-lock.json	node_modules/eslint/node_modules/find-up	no resolved
apollographql/apollo-client	package-lock.json	node_modules/eslint/node_modules/glob-parent	no resolved
apollographql/apollo-client	package-lock.json	node_modules/eslint/node_modules/json-schema-traverse	no resolved
apollographql/apollo-client	package-lock.json	node_modules/eslint/node_modules/locate-path	no resolved
apollographql/apollo-client	package-lock.json	node_modules/eslint/node_modules/optionator	no resolved
apollographql/apollo-client	package-lock.json	node_modules/eslint/node_modules/p-limit	no resolved
apollographql/apollo-client	package-lock.json	node_modules/eslint/node_modules/p-locate	no resolved
apollographql/apollo-client	package-lock.json	node_modules/esprima	no resolved
apollographql/apollo-client	package-lock.json	node_modules/esquery	no resolved
apollographql/apollo-client	package-lock.json	node_modules/estraverse	no resolved
apollographql/apollo-client	package-lock.json	node_modules/estree-walker	no resolved
apollographql/apollo-client	package-lock.json	node_modules/esutils	no resolved
apollographql/apollo-client	package-lock.json	node_modules/eventemitter3	no resolved
apollographql/apollo-client	package-lock.json	node_modules/exit	no resolved
apollographql/apollo-client	package-lock.json	node_modules/expect-type	no resolved
apollographql/apollo-client	package-lock.json	node_modules/extendable-error	no resolved
apollographql/apollo-client	package-lock.json	node_modules/external-editor	no resolved
apollographql/apollo-client	package-lock.json	node_modules/external-editor/node_modules/iconv-lite	no resolved
apollographql/apollo-client	package-lock.json	node_modules/fast-deep-equal	no resolved
apollographql/apollo-client	package-lock.json	node_modules/fast-glob	no resolved
apollographql/apollo-client	package-lock.json	node_modules/fast-json-stable-stringify	no resolved
apollographql/apollo-client	package-lock.json	node_modules/fast-levenshtein	no resolved
apollographql/apollo-client	package-lock.json	node_modules/fastq	no resolved
apollographql/apollo-client	package-lock.json	node_modules/fb-watchman	no resolved
apollographql/apollo-client	package-lock.json	node_modules/fetch-mock	no resolved
apollographql/apollo-client	package-lock.json	node_modules/fflate	no resolved
apollographql/apollo-client	package-lock.json	node_modules/file-entry-cache	no resolved
apollographql/apollo-client	package-lock.json	node_modules/filing-cabinet	no resolved
apollographql/apollo-client	package-lock.json	node_modules/filing-cabinet/node_modules/commander	no resolved
apollographql/apollo-client	package-lock.json	node_modules/filing-cabinet/node_modules/strip-bom	no resolved
apollographql/apollo-client	package-lock.json	node_modules/filing-cabinet/node_modules/tsconfig-paths	no resolved
apollographql/apollo-client	package-lock.json	node_modules/fill-range	no resolved
apollographql/apollo-client	package-lock.json	node_modules/find-up	no resolved
apollographql/apollo-client	package-lock.json	node_modules/find-yarn-workspace-root	no resolved
apollographql/apollo-client	package-lock.json	node_modules/find-yarn-workspace-root2	no resolved
apollographql/apollo-client	package-lock.json	node_modules/flat-cache	no resolved
apollographql/apollo-client	package-lock.json	node_modules/flatted	no resolved
apollographql/apollo-client	package-lock.json	node_modules/for-each	no resolved
apollographql/apollo-client	package-lock.json	node_modules/foreground-child	no resolved
apollographql/apollo-client	package-lock.json	node_modules/foreground-child/node_modules/signal-exit	no resolved
apollographql/apollo-client	package-lock.json	node_modules/fs-extra	no resolved
apollographql/apollo-client	package-lock.json	node_modules/fs.realpath	no resolved
apollographql/apollo-client	package-lock.json	node_modules/fsevents	no resolved
apollographql/apollo-client	package-lock.json	node_modules/function-bind	no resolved
apollographql/apollo-client	package-lock.json	node_modules/function.prototype.name	no resolved
apollographql/apollo-client	package-lock.json	node_modules/functions-have-names	no resolved
apollographql/apollo-client	package-lock.json	node_modules/gensync	no resolved
apollographql/apollo-client	package-lock.json	node_modules/get-amd-module-type	no resolved
apollographql/apollo-client	package-lock.json	node_modules/get-caller-file	no resolved
apollographql/apollo-client	package-lock.json	node_modules/get-intrinsic	no resolved
apollographql/apollo-client	package-lock.json	node_modules/get-own-enumerable-property-symbols	no resolved
apollographql/apollo-client	package-lock.json	node_modules/get-package-type	no resolved
apollographql/apollo-client	package-lock.json	node_modules/get-proto	no resolved
apollographql/apollo-client	package-lock.json	node_modules/get-symbol-description	no resolved
apollographql/apollo-client	package-lock.json	node_modules/get-tsconfig	no resolved
apollographql/apollo-client	package-lock.json	node_modules/glob	no resolved
apollographql/apollo-client	package-lock.json	node_modules/glob-parent	no resolved
apollographql/apollo-client	package-lock.json	node_modules/glob-to-regexp	no resolved
apollographql/apollo-client	package-lock.json	node_modules/globals	no resolved
apollographql/apollo-client	package-lock.json	node_modules/globalthis	no resolved
apollographql/apollo-client	package-lock.json	node_modules/globalyzer	no resolved
apollographql/apollo-client	package-lock.json	node_modules/globby	no resolved
apollographql/apollo-client	package-lock.json	node_modules/globrex	no resolved
apollographql/apollo-client	package-lock.json	node_modules/gonzales-pe	no resolved
apollographql/apollo-client	package-lock.json	node_modules/gopd	no resolved
apollographql/apollo-client	package-lock.json	node_modules/graphql-17-alpha2	no resolved
apollographql/apollo-client	package-lock.json	node_modules/graphql-tag	no resolved
apollographql/apollo-client	package-lock.json	node_modules/has-bigints	no resolved
apollographql/apollo-client	package-lock.json	node_modules/has-flag	no resolved
apollographql/apollo-client	package-lock.json	node_modules/has-property-descriptors	no resolved
apollographql/apollo-client	package-lock.json	node_modules/has-proto	no resolved
apollographql/apollo-client	package-lock.json	node_modules/has-symbols	no resolved
apollographql/apollo-client	package-lock.json	node_modules/has-tostringtag	no resolved
apollographql/apollo-client	package-lock.json	node_modules/hasown	no resolved
apollographql/apollo-client	package-lock.json	node_modules/hermes-estree	no resolved
apollographql/apollo-client	package-lock.json	node_modules/hermes-parser	no resolved
apollographql/apollo-client	package-lock.json	node_modules/html-encoding-sniffer	no resolved
apollographql/apollo-client	package-lock.json	node_modules/http-proxy-agent	no resolved
apollographql/apollo-client	package-lock.json	node_modules/https-proxy-agent	no resolved
apollographql/apollo-client	package-lock.json	node_modules/human-id	no resolved
apollographql/apollo-client	package-lock.json	node_modules/iconv-lite	no resolved
apollographql/apollo-client	package-lock.json	node_modules/ieee754	no resolved
apollographql/apollo-client	package-lock.json	node_modules/ignore	no resolved
apollographql/apollo-client	package-lock.json	node_modules/import-fresh	no resolved
apollographql/apollo-client	package-lock.json	node_modules/import-fresh/node_modules/resolve-from	no resolved
apollographql/apollo-client	package-lock.json	node_modules/imurmurhash	no resolved
apollographql/apollo-client	package-lock.json	node_modules/indent-string	no resolved
apollographql/apollo-client	package-lock.json	node_modules/inflight	no resolved
apollographql/apollo-client	package-lock.json	node_modules/inherits	no resolved
apollographql/apollo-client	package-lock.json	node_modules/ini	no resolved
apollographql/apollo-client	package-lock.json	node_modules/internal-slot	no resolved
apollographql/apollo-client	package-lock.json	node_modules/is-array-buffer	no resolved
apollographql/apollo-client	package-lock.json	node_modules/is-arrayish	no resolved
apollographql/apollo-client	package-lock.json	node_modules/is-async-function	no resolved
apollographql/apollo-client	package-lock.json	node_modules/is-bigint	no resolved
apollographql/apollo-client	package-lock.json	node_modules/is-binary-path	no resolved
apollographql/apollo-client	package-lock.json	node_modules/is-boolean-object	no resolved
apollographql/apollo-client	package-lock.json	node_modules/is-bun-module	no resolved
apollographql/apollo-client	package-lock.json	node_modules/is-bun-module/node_modules/semver	no resolved
apollographql/apollo-client	package-lock.json	node_modules/is-callable	no resolved
apollographql/apollo-client	package-lock.json	node_modules/is-core-module	no resolved
apollographql/apollo-client	package-lock.json	node_modules/is-data-view	no resolved
apollographql/apollo-client	package-lock.json	node_modules/is-date-object	no resolved
apollographql/apollo-client	package-lock.json	node_modules/is-docker	no resolved
apollographql/apollo-client	package-lock.json	node_modules/is-extglob	no resolved
apollographql/apollo-client	package-lock.json	node_modules/is-finalizationregistry	no resolved
apollographql/apollo-client	package-lock.json	node_modules/is-fullwidth-code-point	no resolved
apollographql/apollo-client	package-lock.json	node_modules/is-generator-function	no resolved
apollographql/apollo-client	package-lock.json	node_modules/is-glob	no resolved
apollographql/apollo-client	package-lock.json	node_modules/is-inside-container	no resolved
apollographql/apollo-client	package-lock.json	node_modules/is-inside-container/node_modules/is-docker	no resolved
apollographql/apollo-client	package-lock.json	node_modules/is-interactive	no resolved
apollographql/apollo-client	package-lock.json	node_modules/is-map	no resolved
apollographql/apollo-client	package-lock.json	node_modules/is-number	no resolved
apollographql/apollo-client	package-lock.json	node_modules/is-number-object	no resolved
apollographql/apollo-client	package-lock.json	node_modules/is-obj	no resolved
apollographql/apollo-client	package-lock.json	node_modules/is-potential-custom-element-name	no resolved
apollographql/apollo-client	package-lock.json	node_modules/is-regex	no resolved
apollographql/apollo-client	package-lock.json	node_modules/is-regexp	no resolved
apollographql/apollo-client	package-lock.json	node_modules/is-set	no resolved
apollographql/apollo-client	package-lock.json	node_modules/is-shared-array-buffer	no resolved
apollographql/apollo-client	package-lock.json	node_modules/is-string	no resolved
apollographql/apollo-client	package-lock.json	node_modules/is-subdir	no resolved
apollographql/apollo-client	package-lock.json	node_modules/is-subset	no resolved
apollographql/apollo-client	package-lock.json	node_modules/is-symbol	no resolved
apollographql/apollo-client	package-lock.json	node_modules/is-typed-array	no resolved
apollographql/apollo-client	package-lock.json	node_modules/is-unicode-supported	no resolved
apollographql/apollo-client	package-lock.json	node_modules/is-url	no resolved
apollographql/apollo-client	package-lock.json	node_modules/is-url-superb	no resolved
apollographql/apollo-client	package-lock.json	node_modules/is-weakmap	no resolved
apollographql/apollo-client	package-lock.json	node_modules/is-weakref	no resolved
apollographql/apollo-client	package-lock.json	node_modules/is-weakset	no resolved
apollographql/apollo-client	package-lock.json	node_modules/is-windows	no resolved
apollographql/apollo-client	package-lock.json	node_modules/is-wsl	no resolved
apollographql/apollo-client	package-lock.json	node_modules/isarray	no resolved
apollographql/apollo-client	package-lock.json	node_modules/isexe	no resolved
apollographql/apollo-client	package-lock.json	node_modules/istanbul-lib-coverage	no resolved
apollographql/apollo-client	package-lock.json	node_modules/iterall	no resolved
apollographql/apollo-client	package-lock.json	node_modules/jackspeak	no resolved
apollographql/apollo-client	package-lock.json	node_modules/jest-junit	no resolved
apollographql/apollo-client	package-lock.json	node_modules/jiti	no resolved
apollographql/apollo-client	package-lock.json	node_modules/js-tokens	no resolved
apollographql/apollo-client	package-lock.json	node_modules/js-yaml	no resolved
apollographql/apollo-client	package-lock.json	node_modules/jsesc	no resolved
apollographql/apollo-client	package-lock.json	node_modules/json-buffer	no resolved
apollographql/apollo-client	package-lock.json	node_modules/json-stable-stringify	no resolved
apollographql/apollo-client	package-lock.json	node_modules/json-stable-stringify-without-jsonify	no resolved
apollographql/apollo-client	package-lock.json	node_modules/json5	no resolved
apollographql/apollo-client	package-lock.json	node_modules/jsonc-parser	no resolved
apollographql/apollo-client	package-lock.json	node_modules/jsonfile	no resolved
apollographql/apollo-client	package-lock.json	node_modules/jsonify	no resolved
apollographql/apollo-client	package-lock.json	node_modules/jsonparse	no resolved
apollographql/apollo-client	package-lock.json	node_modules/jsonstream-next	no resolved
apollographql/apollo-client	package-lock.json	node_modules/keyv	no resolved
apollographql/apollo-client	package-lock.json	node_modules/klaw-sync	no resolved
apollographql/apollo-client	package-lock.json	node_modules/knip	no resolved
apollographql/apollo-client	package-lock.json	node_modules/knip/node_modules/@nodelib/fs.scandir	no resolved
apollographql/apollo-client	package-lock.json	node_modules/knip/node_modules/@nodelib/fs.stat	no resolved
apollographql/apollo-client	package-lock.json	node_modules/knip/node_modules/@nodelib/fs.walk	no resolved
apollographql/apollo-client	package-lock.json	node_modules/knip/node_modules/argparse	no resolved
apollographql/apollo-client	package-lock.json	node_modules/knip/node_modules/jiti	no resolved
apollographql/apollo-client	package-lock.json	node_modules/knip/node_modules/js-yaml	no resolved
apollographql/apollo-client	package-lock.json	node_modules/knip/node_modules/picomatch	no resolved
apollographql/apollo-client	package-lock.json	node_modules/knip/node_modules/strip-json-comments	no resolved
apollographql/apollo-client	package-lock.json	node_modules/lilconfig	no resolved
apollographql/apollo-client	package-lock.json	node_modules/load-yaml-file	no resolved
apollographql/apollo-client	package-lock.json	node_modules/load-yaml-file/node_modules/strip-bom	no resolved
apollographql/apollo-client	package-lock.json	node_modules/locate-path	no resolved
apollographql/apollo-client	package-lock.json	node_modules/lodash._reinterpolate	no resolved
apollographql/apollo-client	package-lock.json	node_modules/lodash.debounce	no resolved
apollographql/apollo-client	package-lock.json	node_modules/lodash.foreach	no resolved
apollographql/apollo-client	package-lock.json	node_modules/lodash.isequal	no resolved
apollographql/apollo-client	package-lock.json	node_modules/lodash.memoize	no resolved
apollographql/apollo-client	package-lock.json	node_modules/lodash.merge	no resolved
apollographql/apollo-client	package-lock.json	node_modules/lodash.sortby	no resolved
apollographql/apollo-client	package-lock.json	node_modules/lodash.startcase	no resolved
apollographql/apollo-client	package-lock.json	node_modules/lodash.template	no resolved
apollographql/apollo-client	package-lock.json	node_modules/lodash.templatesettings	no resolved
apollographql/apollo-client	package-lock.json	node_modules/log-symbols	no resolved
apollographql/apollo-client	package-lock.json	node_modules/loose-envify	no resolved
apollographql/apollo-client	package-lock.json	node_modules/lunr	no resolved
apollographql/apollo-client	package-lock.json	node_modules/lz-string	no resolved
apollographql/apollo-client	package-lock.json	node_modules/madge	no resolved
apollographql/apollo-client	package-lock.json	node_modules/madge/node_modules/commander	no resolved
apollographql/apollo-client	package-lock.json	node_modules/madge/node_modules/parse-ms	no resolved
apollographql/apollo-client	package-lock.json	node_modules/madge/node_modules/pretty-ms	no resolved
apollographql/apollo-client	package-lock.json	node_modules/magic-string	no resolved
apollographql/apollo-client	package-lock.json	node_modules/make-error	no resolved
apollographql/apollo-client	package-lock.json	node_modules/make-synchronized	no resolved
apollographql/apollo-client	package-lock.json	node_modules/makeerror	no resolved
apollographql/apollo-client	package-lock.json	node_modules/marked	no resolved
apollographql/apollo-client	package-lock.json	node_modules/marked-terminal	no resolved
apollographql/apollo-client	package-lock.json	node_modules/marked-terminal/node_modules/ansi-escapes	no resolved
apollographql/apollo-client	package-lock.json	node_modules/marked-terminal/node_modules/chalk	no resolved
apollographql/apollo-client	package-lock.json	node_modules/math-intrinsics	no resolved
apollographql/apollo-client	package-lock.json	node_modules/merge-stream	no resolved
apollographql/apollo-client	package-lock.json	node_modules/merge2	no resolved
apollographql/apollo-client	package-lock.json	node_modules/micromatch	no resolved
apollographql/apollo-client	package-lock.json	node_modules/mimic-fn	no resolved
apollographql/apollo-client	package-lock.json	node_modules/min-indent	no resolved
apollographql/apollo-client	package-lock.json	node_modules/minimatch	no resolved
apollographql/apollo-client	package-lock.json	node_modules/minimist	no resolved
apollographql/apollo-client	package-lock.json	node_modules/minipass	no resolved
apollographql/apollo-client	package-lock.json	node_modules/mkdirp	no resolved
apollographql/apollo-client	package-lock.json	node_modules/module-definition	no resolved
apollographql/apollo-client	package-lock.json	node_modules/module-lookup-amd	no resolved
apollographql/apollo-client	package-lock.json	node_modules/module-lookup-amd/node_modules/commander	no resolved
apollographql/apollo-client	package-lock.json	node_modules/mri	no resolved
apollographql/apollo-client	package-lock.json	node_modules/ms	no resolved
apollographql/apollo-client	package-lock.json	node_modules/nanoid	no resolved
apollographql/apollo-client	package-lock.json	node_modules/nanospinner	no resolved
apollographql/apollo-client	package-lock.json	node_modules/natural-compare	no resolved
apollographql/apollo-client	package-lock.json	node_modules/node-emoji	no resolved
apollographql/apollo-client	package-lock.json	node_modules/node-fetch/node_modules/tr46	no resolved
apollographql/apollo-client	package-lock.json	node_modules/node-fetch/node_modules/webidl-conversions	no resolved
apollographql/apollo-client	package-lock.json	node_modules/node-fetch/node_modules/whatwg-url	no resolved
apollographql/apollo-client	package-lock.json	node_modules/node-int64	no resolved
apollographql/apollo-client	package-lock.json	node_modules/node-releases	no resolved
apollographql/apollo-client	package-lock.json	node_modules/node-source-walk	no resolved
apollographql/apollo-client	package-lock.json	node_modules/node-source-walk/node_modules/@babel/parser	no resolved
apollographql/apollo-client	package-lock.json	node_modules/normalize-path	no resolved
apollographql/apollo-client	package-lock.json	node_modules/object-assign	no resolved
apollographql/apollo-client	package-lock.json	node_modules/object-inspect	no resolved
apollographql/apollo-client	package-lock.json	node_modules/object-keys	no resolved
apollographql/apollo-client	package-lock.json	node_modules/object.assign	no resolved
apollographql/apollo-client	package-lock.json	node_modules/object.fromentries	no resolved
apollographql/apollo-client	package-lock.json	node_modules/object.groupby	no resolved
apollographql/apollo-client	package-lock.json	node_modules/object.values	no resolved
apollographql/apollo-client	package-lock.json	node_modules/once	no resolved
apollographql/apollo-client	package-lock.json	node_modules/onetime	no resolved
apollographql/apollo-client	package-lock.json	node_modules/open	no resolved
apollographql/apollo-client	package-lock.json	node_modules/optimism	no resolved
apollographql/apollo-client	package-lock.json	node_modules/optimism/node_modules/@wry/trie	no resolved
apollographql/apollo-client	package-lock.json	node_modules/ora	no resolved
apollographql/apollo-client	package-lock.json	node_modules/os-tmpdir	no resolved
apollographql/apollo-client	package-lock.json	node_modules/outdent	no resolved
apollographql/apollo-client	package-lock.json	node_modules/own-keys	no resolved
apollographql/apollo-client	package-lock.json	node_modules/p-filter	no resolved
apollographql/apollo-client	package-lock.json	node_modules/p-limit	no resolved
apollographql/apollo-client	package-lock.json	node_modules/p-locate	no resolved
apollographql/apollo-client	package-lock.json	node_modules/p-map	no resolved
apollographql/apollo-client	package-lock.json	node_modules/p-try	no resolved
apollographql/apollo-client	package-lock.json	node_modules/package-json-from-dist	no resolved
apollographql/apollo-client	package-lock.json	node_modules/parent-module	no resolved
apollographql/apollo-client	package-lock.json	node_modules/parse-ms	no resolved
apollographql/apollo-client	package-lock.json	node_modules/path-exists	no resolved
apollographql/apollo-client	package-lock.json	node_modules/path-is-absolute	no resolved
apollographql/apollo-client	package-lock.json	node_modules/path-key	no resolved
apollographql/apollo-client	package-lock.json	node_modules/path-parse	no resolved
apollographql/apollo-client	package-lock.json	node_modules/path-scurry	no resolved
apollographql/apollo-client	package-lock.json	node_modules/path-scurry/node_modules/lru-cache	no resolved
apollographql/apollo-client	package-lock.json	node_modules/path-to-regexp	no resolved
apollographql/apollo-client	package-lock.json	node_modules/path-type	no resolved
apollographql/apollo-client	package-lock.json	node_modules/pathe	no resolved
apollographql/apollo-client	package-lock.json	node_modules/picocolors	no resolved
apollographql/apollo-client	package-lock.json	node_modules/picomatch	no resolved
apollographql/apollo-client	package-lock.json	node_modules/pify	no resolved
apollographql/apollo-client	package-lock.json	node_modules/pkg-dir	no resolved
apollographql/apollo-client	package-lock.json	node_modules/pluralize	no resolved
apollographql/apollo-client	package-lock.json	node_modules/possible-typed-array-names	no resolved
apollographql/apollo-client	package-lock.json	node_modules/postcss	no resolved
apollographql/apollo-client	package-lock.json	node_modules/postcss-values-parser	no resolved
apollographql/apollo-client	package-lock.json	node_modules/postcss-values-parser/node_modules/color-name	no resolved
apollographql/apollo-client	package-lock.json	node_modules/postcss/node_modules/nanoid	no resolved
apollographql/apollo-client	package-lock.json	node_modules/precinct	no resolved
apollographql/apollo-client	package-lock.json	node_modules/precinct/node_modules/commander	no resolved
apollographql/apollo-client	package-lock.json	node_modules/preferred-pm	no resolved
apollographql/apollo-client	package-lock.json	node_modules/preferred-pm/node_modules/find-up	no resolved
apollographql/apollo-client	package-lock.json	node_modules/preferred-pm/node_modules/locate-path	no resolved
apollographql/apollo-client	package-lock.json	node_modules/preferred-pm/node_modules/p-limit	no resolved
apollographql/apollo-client	package-lock.json	node_modules/preferred-pm/node_modules/p-locate	no resolved
apollographql/apollo-client	package-lock.json	node_modules/prettier	no resolved
apollographql/apollo-client	package-lock.json	node_modules/pretty-format	no resolved
apollographql/apollo-client	package-lock.json	node_modules/pretty-format/node_modules/ansi-styles	no resolved
apollographql/apollo-client	package-lock.json	node_modules/pretty-format/node_modules/react-is	no resolved
apollographql/apollo-client	package-lock.json	node_modules/pretty-ms	no resolved
apollographql/apollo-client	package-lock.json	node_modules/pseudomap	no resolved
apollographql/apollo-client	package-lock.json	node_modules/publint	no resolved
apollographql/apollo-client	package-lock.json	node_modules/publint/node_modules/package-manager-detector	no resolved
apollographql/apollo-client	package-lock.json	node_modules/punycode	no resolved
apollographql/apollo-client	package-lock.json	node_modules/quansync	no resolved
apollographql/apollo-client	package-lock.json	node_modules/querystring	no resolved
apollographql/apollo-client	package-lock.json	node_modules/queue-microtask	no resolved
apollographql/apollo-client	package-lock.json	node_modules/quote-unquote	no resolved
apollographql/apollo-client	package-lock.json	node_modules/rc	no resolved
apollographql/apollo-client	package-lock.json	node_modules/rc/node_modules/strip-json-comments	no resolved
apollographql/apollo-client	package-lock.json	node_modules/react-17	no resolved
apollographql/apollo-client	package-lock.json	node_modules/react-18	no resolved
apollographql/apollo-client	package-lock.json	node_modules/react-dom-17	no resolved
apollographql/apollo-client	package-lock.json	node_modules/react-dom-17/node_modules/scheduler	no resolved
apollographql/apollo-client	package-lock.json	node_modules/react-dom-18	no resolved
apollographql/apollo-client	package-lock.json	node_modules/react-dom-18/node_modules/scheduler	no resolved
apollographql/apollo-client	package-lock.json	node_modules/react-error-boundary	no resolved
apollographql/apollo-client	package-lock.json	node_modules/read-yaml-file	no resolved
apollographql/apollo-client	package-lock.json	node_modules/read-yaml-file/node_modules/strip-bom	no resolved
apollographql/apollo-client	package-lock.json	node_modules/readable-stream	no resolved
apollographql/apollo-client	package-lock.json	node_modules/readdirp	no resolved
apollographql/apollo-client	package-lock.json	node_modules/redent	no resolved
apollographql/apollo-client	package-lock.json	node_modules/redeyed	no resolved
apollographql/apollo-client	package-lock.json	node_modules/reflect.getprototypeof	no resolved
apollographql/apollo-client	package-lock.json	node_modules/regenerate	no resolved
apollographql/apollo-client	package-lock.json	node_modules/regenerate-unicode-properties	no resolved
apollographql/apollo-client	package-lock.json	node_modules/regenerator-transform	no resolved
apollographql/apollo-client	package-lock.json	node_modules/regexp.prototype.flags	no resolved
apollographql/apollo-client	package-lock.json	node_modules/regexpu-core	no resolved
apollographql/apollo-client	package-lock.json	node_modules/regjsgen	no resolved
apollographql/apollo-client	package-lock.json	node_modules/regjsparser	no resolved
apollographql/apollo-client	package-lock.json	node_modules/regjsparser/node_modules/jsesc	no resolved
apollographql/apollo-client	package-lock.json	node_modules/rehackt	no resolved
apollographql/apollo-client	package-lock.json	node_modules/require-directory	no resolved
apollographql/apollo-client	package-lock.json	node_modules/requirejs	no resolved
apollographql/apollo-client	package-lock.json	node_modules/requirejs-config-file	no resolved
apollographql/apollo-client	package-lock.json	node_modules/resolve	no resolved
apollographql/apollo-client	package-lock.json	node_modules/resolve-dependency-path	no resolved
apollographql/apollo-client	package-lock.json	node_modules/resolve-from	no resolved
apollographql/apollo-client	package-lock.json	node_modules/resolve-pkg-maps	no resolved
apollographql/apollo-client	package-lock.json	node_modules/restore-cursor	no resolved
apollographql/apollo-client	package-lock.json	node_modules/reusify	no resolved
apollographql/apollo-client	package-lock.json	node_modules/run-applescript	no resolved
apollographql/apollo-client	package-lock.json	node_modules/run-parallel	no resolved
apollographql/apollo-client	package-lock.json	node_modules/sade	no resolved
apollographql/apollo-client	package-lock.json	node_modules/safe-array-concat	no resolved
apollographql/apollo-client	package-lock.json	node_modules/safe-buffer	no resolved
apollographql/apollo-client	package-lock.json	node_modules/safe-push-apply	no resolved
apollographql/apollo-client	package-lock.json	node_modules/safe-regex-test	no resolved
apollographql/apollo-client	package-lock.json	node_modules/safer-buffer	no resolved
apollographql/apollo-client	package-lock.json	node_modules/sass-lookup	no resolved
apollographql/apollo-client	package-lock.json	node_modules/sass-lookup/node_modules/commander	no resolved
apollographql/apollo-client	package-lock.json	node_modules/saxes	no resolved
apollographql/apollo-client	package-lock.json	node_modules/semver	no resolved
apollographql/apollo-client	package-lock.json	node_modules/set-function-length	no resolved
apollographql/apollo-client	package-lock.json	node_modules/set-function-name	no resolved
apollographql/apollo-client	package-lock.json	node_modules/set-proto	no resolved
apollographql/apollo-client	package-lock.json	node_modules/shebang-command	no resolved
apollographql/apollo-client	package-lock.json	node_modules/shebang-regex	no resolved
apollographql/apollo-client	package-lock.json	node_modules/shiki	no resolved
apollographql/apollo-client	package-lock.json	node_modules/side-channel	no resolved
apollographql/apollo-client	package-lock.json	node_modules/side-channel-list	no resolved
apollographql/apollo-client	package-lock.json	node_modules/side-channel-map	no resolved
apollographql/apollo-client	package-lock.json	node_modules/side-channel-weakmap	no resolved
apollographql/apollo-client	package-lock.json	node_modules/signal-exit	no resolved
apollographql/apollo-client	package-lock.json	node_modules/size-limit	no resolved
apollographql/apollo-client	package-lock.json	node_modules/size-limit/node_modules/globby	no resolved
apollographql/apollo-client	package-lock.json	node_modules/size-limit/node_modules/path-type	no resolved
apollographql/apollo-client	package-lock.json	node_modules/size-limit/node_modules/slash	no resolved
apollographql/apollo-client	package-lock.json	node_modules/skin-tone	no resolved
apollographql/apollo-client	package-lock.json	node_modules/slash	no resolved
apollographql/apollo-client	package-lock.json	node_modules/smol-toml	no resolved
apollographql/apollo-client	package-lock.json	node_modules/sorcery	no resolved
apollographql/apollo-client	package-lock.json	node_modules/source-map	no resolved
apollographql/apollo-client	package-lock.json	node_modules/source-map-js	no resolved
apollographql/apollo-client	package-lock.json	node_modules/source-map-support	no resolved
apollographql/apollo-client	package-lock.json	node_modules/sourcemap-validator	no resolved
apollographql/apollo-client	package-lock.json	node_modules/sourcemap-validator/node_modules/jsesc	no resolved
apollographql/apollo-client	package-lock.json	node_modules/sourcemap-validator/node_modules/source-map	no resolved
apollographql/apollo-client	package-lock.json	node_modules/spawndamnit	no resolved
apollographql/apollo-client	package-lock.json	node_modules/spawndamnit/node_modules/cross-spawn	no resolved
apollographql/apollo-client	package-lock.json	node_modules/spawndamnit/node_modules/lru-cache	no resolved
apollographql/apollo-client	package-lock.json	node_modules/spawndamnit/node_modules/shebang-command	no resolved
apollographql/apollo-client	package-lock.json	node_modules/spawndamnit/node_modules/shebang-regex	no resolved
apollographql/apollo-client	package-lock.json	node_modules/spawndamnit/node_modules/which	no resolved
apollographql/apollo-client	package-lock.json	node_modules/spawndamnit/node_modules/yallist	no resolved
apollographql/apollo-client	package-lock.json	node_modules/split2	no resolved
apollographql/apollo-client	package-lock.json	node_modules/sprintf-js	no resolved
apollographql/apollo-client	package-lock.json	node_modules/stable-hash	no resolved
apollographql/apollo-client	package-lock.json	node_modules/stack-utils/node_modules/escape-string-regexp	no resolved
apollographql/apollo-client	package-lock.json	node_modules/stream-to-array	no resolved
apollographql/apollo-client	package-lock.json	node_modules/string_decoder	no resolved
apollographql/apollo-client	package-lock.json	node_modules/string-width	no resolved
apollographql/apollo-client	package-lock.json	node_modules/string-width-cjs	no resolved
apollographql/apollo-client	package-lock.json	node_modules/string.prototype.trim	no resolved
apollographql/apollo-client	package-lock.json	node_modules/string.prototype.trimend	no resolved
apollographql/apollo-client	package-lock.json	node_modules/string.prototype.trimstart	no resolved
apollographql/apollo-client	package-lock.json	node_modules/stringify-object	no resolved
apollographql/apollo-client	package-lock.json	node_modules/strip-ansi	no resolved
apollographql/apollo-client	package-lock.json	node_modules/strip-ansi-cjs	no resolved
apollographql/apollo-client	package-lock.json	node_modules/strip-indent	no resolved
apollographql/apollo-client	package-lock.json	node_modules/strip-json-comments	no resolved
apollographql/apollo-client	package-lock.json	node_modules/stylus-lookup	no resolved
apollographql/apollo-client	package-lock.json	node_modules/stylus-lookup/node_modules/commander	no resolved
apollographql/apollo-client	package-lock.json	node_modules/subscriptions-transport-ws	no resolved
apollographql/apollo-client	package-lock.json	node_modules/subscriptions-transport-ws/node_modules/symbol-observable	no resolved
apollographql/apollo-client	package-lock.json	node_modules/summary	no resolved
apollographql/apollo-client	package-lock.json	node_modules/supports-color	no resolved
apollographql/apollo-client	package-lock.json	node_modules/supports-hyperlinks	no resolved
apollographql/apollo-client	package-lock.json	node_modules/supports-preserve-symlinks-flag	no resolved
apollographql/apollo-client	package-lock.json	node_modules/symbol-tree	no resolved
apollographql/apollo-client	package-lock.json	node_modules/tapable	no resolved
apollographql/apollo-client	package-lock.json	node_modules/term-size	no resolved
apollographql/apollo-client	package-lock.json	node_modules/terser	no resolved
apollographql/apollo-client	package-lock.json	node_modules/test-exclude	no resolved
apollographql/apollo-client	package-lock.json	node_modules/through2	no resolved
apollographql/apollo-client	package-lock.json	node_modules/tiny-glob	no resolved
apollographql/apollo-client	package-lock.json	node_modules/tiny-invariant	no resolved
apollographql/apollo-client	package-lock.json	node_modules/tldts	no resolved
apollographql/apollo-client	package-lock.json	node_modules/tldts-core	no resolved
apollographql/apollo-client	package-lock.json	node_modules/tmp	no resolved
apollographql/apollo-client	package-lock.json	node_modules/tmpl	no resolved
apollographql/apollo-client	package-lock.json	node_modules/to-regex-range	no resolved
apollographql/apollo-client	package-lock.json	node_modules/tough-cookie	no resolved
apollographql/apollo-client	package-lock.json	node_modules/tr46	no resolved
apollographql/apollo-client	package-lock.json	node_modules/treeify	no resolved
apollographql/apollo-client	package-lock.json	node_modules/ts-api-utils	no resolved
apollographql/apollo-client	package-lock.json	node_modules/ts-expose-internals-conditionally	no resolved
apollographql/apollo-client	package-lock.json	node_modules/ts-graphviz	no resolved
apollographql/apollo-client	package-lock.json	node_modules/tsconfig-paths	no resolved
apollographql/apollo-client	package-lock.json	node_modules/tsconfig-paths/node_modules/json5	no resolved
apollographql/apollo-client	package-lock.json	node_modules/tsconfig-paths/node_modules/strip-bom	no resolved
apollographql/apollo-client	package-lock.json	node_modules/tsx	no resolved
apollographql/apollo-client	package-lock.json	node_modules/tsx/node_modules/@esbuild/darwin-arm64	no resolved
apollographql/apollo-client	package-lock.json	node_modules/tsx/node_modules/esbuild	no resolved
apollographql/apollo-client	package-lock.json	node_modules/type-detect	no resolved
apollographql/apollo-client	package-lock.json	node_modules/typed-array-buffer	no resolved
apollographql/apollo-client	package-lock.json	node_modules/typed-array-byte-length	no resolved
apollographql/apollo-client	package-lock.json	node_modules/typed-array-byte-offset	no resolved
apollographql/apollo-client	package-lock.json	node_modules/typed-array-length	no resolved
apollographql/apollo-client	package-lock.json	node_modules/typedoc	no resolved
apollographql/apollo-client	package-lock.json	node_modules/typedoc/node_modules/brace-expansion	no resolved
apollographql/apollo-client	package-lock.json	node_modules/typedoc/node_modules/minimatch	no resolved
apollographql/apollo-client	package-lock.json	node_modules/ufo	no resolved
apollographql/apollo-client	package-lock.json	node_modules/unbox-primitive	no resolved
apollographql/apollo-client	package-lock.json	node_modules/unicode-canonical-property-names-ecmascript	no resolved
apollographql/apollo-client	package-lock.json	node_modules/unicode-emoji-modifier-base	no resolved
apollographql/apollo-client	package-lock.json	node_modules/unicode-match-property-ecmascript	no resolved
apollographql/apollo-client	package-lock.json	node_modules/unicode-match-property-value-ecmascript	no resolved
apollographql/apollo-client	package-lock.json	node_modules/unicode-property-aliases-ecmascript	no resolved
apollographql/apollo-client	package-lock.json	node_modules/unicorn-magic	no resolved
apollographql/apollo-client	package-lock.json	node_modules/universal-user-agent	no resolved
apollographql/apollo-client	package-lock.json	node_modules/universalify	no resolved
apollographql/apollo-client	package-lock.json	node_modules/update-browserslist-db	no resolved
apollographql/apollo-client	package-lock.json	node_modules/uri-js	no resolved
apollographql/apollo-client	package-lock.json	node_modules/util-deprecate	no resolved
apollographql/apollo-client	package-lock.json	node_modules/uuid	no resolved
apollographql/apollo-client	package-lock.json	node_modules/validate-npm-package-name	no resolved
apollographql/apollo-client	package-lock.json	node_modules/vscode-oniguruma	no resolved
apollographql/apollo-client	package-lock.json	node_modules/vscode-textmate	no resolved
apollographql/apollo-client	package-lock.json	node_modules/w3c-xmlserializer	no resolved
apollographql/apollo-client	package-lock.json	node_modules/walkdir	no resolved
apollographql/apollo-client	package-lock.json	node_modules/walker	no resolved
apollographql/apollo-client	package-lock.json	node_modules/wcwidth	no resolved
apollographql/apollo-client	package-lock.json	node_modules/webidl-conversions	no resolved
apollographql/apollo-client	package-lock.json	node_modules/whatwg-encoding	no resolved
apollographql/apollo-client	package-lock.json	node_modules/whatwg-mimetype	no resolved
apollographql/apollo-client	package-lock.json	node_modules/whatwg-url	no resolved
apollographql/apollo-client	package-lock.json	node_modules/which	no resolved
apollographql/apollo-client	package-lock.json	node_modules/which-boxed-primitive	no resolved
apollographql/apollo-client	package-lock.json	node_modules/which-builtin-type	no resolved
apollographql/apollo-client	package-lock.json	node_modules/which-collection	no resolved
apollographql/apollo-client	package-lock.json	node_modules/which-pm	no resolved
apollographql/apollo-client	package-lock.json	node_modules/word-wrap	no resolved
apollographql/apollo-client	package-lock.json	node_modules/wrap-ansi	no resolved
apollographql/apollo-client	package-lock.json	node_modules/wrap-ansi-cjs	no resolved
apollographql/apollo-client	package-lock.json	node_modules/wrap-ansi-cjs/node_modules/ansi-styles	no resolved
apollographql/apollo-client	package-lock.json	node_modules/wrap-ansi-cjs/node_modules/color-convert	no resolved
apollographql/apollo-client	package-lock.json	node_modules/wrap-ansi-cjs/node_modules/color-name	no resolved
apollographql/apollo-client	package-lock.json	node_modules/wrap-ansi/node_modules/ansi-styles	no resolved
apollographql/apollo-client	package-lock.json	node_modules/wrap-ansi/node_modules/color-convert	no resolved
apollographql/apollo-client	package-lock.json	node_modules/wrap-ansi/node_modules/color-name	no resolved
apollographql/apollo-client	package-lock.json	node_modules/wrappy	no resolved
apollographql/apollo-client	package-lock.json	node_modules/ws	no resolved
apollographql/apollo-client	package-lock.json	node_modules/xml	no resolved
apollographql/apollo-client	package-lock.json	node_modules/xml-name-validator	no resolved
apollographql/apollo-client	package-lock.json	node_modules/xmlchars	no resolved
apollographql/apollo-client	package-lock.json	node_modules/y18n	no resolved
apollographql/apollo-client	package-lock.json	node_modules/yargs	no resolved
apollographql/apollo-client	package-lock.json	node_modules/yargs-parser	no resolved
apollographql/apollo-client	package-lock.json	node_modules/yocto-queue	no resolved
apollographql/apollo-client	package-lock.json	node_modules/zod	no resolved
apollographql/apollo-client	package-lock.json	node_modules/zod-validation-error	no resolved
mountain-loop/yaak	package-lock.json	plugins-external/httpsnippet/node_modules/undici-types	no resolved
