apollographql/apollo-client	ts	exact	1
apollographql/apollo-client	ts	prefix	1
apollographql/apollo-client	ts	table	1
eythaann/Seelen-UI	ts	exact	8
eythaann/Seelen-UI	ts	prefix	8
eythaann/Seelen-UI	ts	table	8
huggingface/trl	python	exact	21
huggingface/trl	python	prefix	20
huggingface/trl	python	table	20
kvcache-ai/ktransformers	python	exact	29
kvcache-ai/ktransformers	python	prefix	27
kvcache-ai/ktransformers	python	table	28
louis-e/arnis	python	exact	2
louis-e/arnis	python	prefix	2
louis-e/arnis	python	table	2
louis-e/arnis	ts	exact	3
louis-e/arnis	ts	prefix	3
louis-e/arnis	ts	table	3
mikf/gallery-dl	python	exact	2
mikf/gallery-dl	python	prefix	1
mikf/gallery-dl	python	table	1
mountain-loop/yaak	ts	exact	12
mountain-loop/yaak	ts	prefix	12
mountain-loop/yaak	ts	table	12
refactoringhq/tolaria	ts	exact	5
refactoringhq/tolaria	ts	prefix	5
refactoringhq/tolaria	ts	table	5
teng-lin/notebooklm-py	python	exact	6
teng-lin/notebooklm-py	python	prefix	5
teng-lin/notebooklm-py	python	table	5
whyour/qinglong	python	exact	3
whyour/qinglong	python	prefix	3
whyour/qinglong	python	table	3
whyour/qinglong	ts	exact	1
whyour/qinglong	ts	prefix	1
whyour/qinglong	ts	table	1
