repository	change	head	metric	path	base	after	ceiling	complexity_failed
firecrawl/pdf-inspector	2	bf6800920a1d	lines	src/lib.rs	8640	8643	5767	0
firecrawl/pdf-inspector	2	bf6800920a1d	items	src/tounicode.rs	91	98	80	1
firecrawl/pdf-inspector	2	bf6800920a1d	functions	src/tounicode.rs	187	199	145	1
firecrawl/pdf-inspector	2	bf6800920a1d	named	src/tounicode.rs	187	199	145	1
firecrawl/pdf-inspector	2	bf6800920a1d	production	src/tounicode.rs	118	125	52	1
firecrawl/pdf-inspector	2	bf6800920a1d	prodcode	src/tounicode.rs	2769	2882	2743	1
firecrawl/pdf-inspector	5	ac275044ed04	lines	src/extractor/fonts.rs	7067	7143	5767	1
firecrawl/pdf-inspector	5	ac275044ed04	code	src/extractor/fonts.rs	5693	5735	4672	1
firecrawl/pdf-inspector	5	ac275044ed04	items	src/extractor/fonts.rs	81	84	80	1
firecrawl/pdf-inspector	5	ac275044ed04	functions	src/extractor/fonts.rs	208	211	145	1
firecrawl/pdf-inspector	5	ac275044ed04	named	src/extractor/fonts.rs	208	211	145	1
firecrawl/pdf-inspector	5	ac275044ed04	production	src/extractor/fonts.rs	78	81	52	1
firecrawl/pdf-inspector	6	e1797b1f482a	lines	src/extractor/fonts.rs	6755	7067	5767	1
firecrawl/pdf-inspector	6	e1797b1f482a	lines	src/extractor/mod.rs	5905	5906	5767	0
firecrawl/pdf-inspector	6	e1797b1f482a	code	src/extractor/fonts.rs	5465	5693	4672	1
firecrawl/pdf-inspector	6	e1797b1f482a	items	src/extractor/fonts.rs	75	81	75	1
firecrawl/pdf-inspector	6	e1797b1f482a	functions	src/extractor/fonts.rs	201	208	145	1
firecrawl/pdf-inspector	6	e1797b1f482a	named	src/extractor/fonts.rs	201	208	145	1
firecrawl/pdf-inspector	6	e1797b1f482a	production	src/extractor/fonts.rs	73	78	52	1
firecrawl/pdf-inspector	7	9a055d5f3ccd	lines	src/extractor/content_stream.rs	5759	5767	5759	1
firecrawl/pdf-inspector	7	9a055d5f3ccd	lines	src/extractor/fonts.rs	6696	6755	5759	1
firecrawl/pdf-inspector	7	9a055d5f3ccd	code	src/extractor/content_stream.rs	4677	4685	4672	1
firecrawl/pdf-inspector	7	9a055d5f3ccd	code	src/extractor/fonts.rs	5425	5465	4672	1
firecrawl/pdf-inspector	7	9a055d5f3ccd	items	src/extractor/fonts.rs	74	75	74	1
firecrawl/pdf-inspector	7	9a055d5f3ccd	functions	src/extractor/fonts.rs	199	201	145	1
firecrawl/pdf-inspector	7	9a055d5f3ccd	named	src/extractor/fonts.rs	199	201	145	1
firecrawl/pdf-inspector	7	9a055d5f3ccd	production	src/extractor/fonts.rs	72	73	52	1
firecrawl/pdf-inspector	9	f06bb3407551	items	napi/src/lib.rs	77	81	74	0
firecrawl/pdf-inspector	9	f06bb3407551	production	napi/src/lib.rs	48	52	49	0
gfx-rs/wgpu	9	1122932c100c	lines	wgpu/src/backend/wgpu_core.rs	2976	2988	2029	0
gfx-rs/wgpu	9	1122932c100c	code	wgpu/src/backend/wgpu_core.rs	2579	2589	1629	0
gfx-rs/wgpu	9	1122932c100c	items	wgpu/src/backend/wgpu_core.rs	129	130	37	0
gfx-rs/wgpu	9	1122932c100c	functions	wgpu/src/backend/wgpu_core.rs	239	241	57	0
gfx-rs/wgpu	9	1122932c100c	named	wgpu/src/backend/wgpu_core.rs	239	241	57	0
gfx-rs/wgpu	9	1122932c100c	production	wgpu/src/backend/wgpu_core.rs	239	241	56	0
gfx-rs/wgpu	9	1122932c100c	prodcode	wgpu/src/backend/wgpu_core.rs	2579	2589	1623	0
gfx-rs/wgpu	10	988891de66da	lines	wgpu/src/backend/wgpu_core.rs	2964	2976	2029	0
gfx-rs/wgpu	10	988891de66da	code	wgpu/src/backend/wgpu_core.rs	2569	2579	1629	0
gfx-rs/wgpu	10	988891de66da	items	wgpu/src/backend/wgpu_core.rs	128	129	37	0
gfx-rs/wgpu	10	988891de66da	functions	wgpu/src/backend/wgpu_core.rs	237	239	57	0
gfx-rs/wgpu	10	988891de66da	named	wgpu/src/backend/wgpu_core.rs	237	239	57	0
gfx-rs/wgpu	10	988891de66da	production	wgpu/src/backend/wgpu_core.rs	237	239	56	0
gfx-rs/wgpu	10	988891de66da	prodcode	wgpu/src/backend/wgpu_core.rs	2569	2579	1623	0
louis-e/arnis	1	daee5a7bff24	lines	src/world_editor/mod.rs	2922	2970	2703	1
louis-e/arnis	1	daee5a7bff24	code	src/block_definitions.rs	2091	2151	2121	1
louis-e/arnis	1	daee5a7bff24	code	src/world_editor/mod.rs	2344	2386	2121	1
louis-e/arnis	1	daee5a7bff24	items	src/block_definitions.rs	481	503	67	1
louis-e/arnis	1	daee5a7bff24	functions	src/ground.rs	76	81	77	0
louis-e/arnis	1	daee5a7bff24	functions	src/world_editor/mod.rs	140	141	77	1
louis-e/arnis	1	daee5a7bff24	named	src/ground.rs	76	81	77	0
louis-e/arnis	1	daee5a7bff24	named	src/world_editor/mod.rs	140	141	77	1
louis-e/arnis	1	daee5a7bff24	production	src/ground.rs	57	62	55	0
louis-e/arnis	1	daee5a7bff24	prodcode	src/block_definitions.rs	1745	1805	1606	1
louis-e/arnis	1	daee5a7bff24	prodcode	src/world_editor/mod.rs	2140	2158	1606	1
louis-e/arnis	2	d4852aa3d73d	lines	src/element_processing/highways.rs	4020	4379	2550	1
louis-e/arnis	2	d4852aa3d73d	lines	src/mapillary/displays.rs	3031	3039	2550	0
louis-e/arnis	2	d4852aa3d73d	lines	src/osm_parser.rs	2530	2703	2550	1
louis-e/arnis	2	d4852aa3d73d	lines	src/world_editor/mod.rs	2860	2922	2550	0
louis-e/arnis	2	d4852aa3d73d	code	src/element_processing/highways.rs	3275	3587	2095	1
louis-e/arnis	2	d4852aa3d73d	code	src/osm_parser.rs	2095	2244	2095	1
louis-e/arnis	2	d4852aa3d73d	code	src/world_editor/mod.rs	2292	2344	2095	0
louis-e/arnis	2	d4852aa3d73d	items	src/element_processing/highways.rs	82	88	67	1
louis-e/arnis	2	d4852aa3d73d	functions	src/element_processing/highways.rs	89	103	77	1
louis-e/arnis	2	d4852aa3d73d	functions	src/osm_parser.rs	84	90	77	1
louis-e/arnis	2	d4852aa3d73d	functions	src/world_editor/mod.rs	136	140	77	0
louis-e/arnis	2	d4852aa3d73d	named	src/element_processing/highways.rs	89	103	77	1
louis-e/arnis	2	d4852aa3d73d	named	src/osm_parser.rs	84	90	77	1
louis-e/arnis	2	d4852aa3d73d	named	src/world_editor/mod.rs	136	140	77	0
louis-e/arnis	2	d4852aa3d73d	production	src/element_processing/highways.rs	55	59	55	1
louis-e/arnis	2	d4852aa3d73d	production	src/ground.rs	56	57	55	1
louis-e/arnis	2	d4852aa3d73d	production	src/world_editor/mod.rs	126	128	55	0
louis-e/arnis	2	d4852aa3d73d	prodcode	src/element_processing/highways.rs	2326	2474	1603	1
louis-e/arnis	2	d4852aa3d73d	prodcode	src/osm_parser.rs	1501	1606	1603	1
louis-e/arnis	2	d4852aa3d73d	prodcode	src/world_editor/mod.rs	2126	2140	1603	0
louis-e/arnis	4	7e9a4344c53c	lines	src/elevation/postprocess.rs	2611	3058	2550	1
louis-e/arnis	4	7e9a4344c53c	lines	src/overture/mod.rs	2983	2997	2550	1
louis-e/arnis	4	7e9a4344c53c	lines	src/world_editor/mod.rs	2815	2869	2550	0
louis-e/arnis	4	7e9a4344c53c	code	src/elevation/postprocess.rs	1999	2400	2085	1
louis-e/arnis	4	7e9a4344c53c	code	src/osm_parser.rs	2085	2095	2085	0
louis-e/arnis	4	7e9a4344c53c	code	src/overture/mod.rs	2246	2260	2085	1
louis-e/arnis	4	7e9a4344c53c	code	src/world_editor/mod.rs	2252	2301	2085	0
louis-e/arnis	4	7e9a4344c53c	functions	src/elevation/postprocess.rs	74	91	74	1
louis-e/arnis	4	7e9a4344c53c	functions	src/ground.rs	61	75	74	1
louis-e/arnis	4	7e9a4344c53c	functions	src/osm_parser.rs	83	84	74	0
louis-e/arnis	4	7e9a4344c53c	functions	src/world_editor/mod.rs	131	136	74	0
louis-e/arnis	4	7e9a4344c53c	named	src/elevation/postprocess.rs	74	91	74	1
louis-e/arnis	4	7e9a4344c53c	named	src/ground.rs	61	75	74	1
louis-e/arnis	4	7e9a4344c53c	named	src/osm_parser.rs	83	84	74	0
louis-e/arnis	4	7e9a4344c53c	named	src/world_editor/mod.rs	131	136	74	0
louis-e/arnis	4	7e9a4344c53c	production	src/ground.rs	48	56	50	1
louis-e/arnis	4	7e9a4344c53c	production	src/world_editor/mod.rs	121	126	50	0
louis-e/arnis	4	7e9a4344c53c	prodcode	src/element_processing/signage.rs	1705	1706	1569	0
louis-e/arnis	4	7e9a4344c53c	prodcode	src/elevation/postprocess.rs	1400	1648	1569	1
louis-e/arnis	4	7e9a4344c53c	prodcode	src/overture/mod.rs	1788	1802	1569	1
louis-e/arnis	4	7e9a4344c53c	prodcode	src/world_editor/mod.rs	2089	2135	1569	0
louis-e/arnis	6	788d5e9ca9de	lines	src/elevation/postprocess.rs	2463	2611	2518	1
louis-e/arnis	6	788d5e9ca9de	code	src/block_definitions.rs	2016	2091	2047	0
louis-e/arnis	6	788d5e9ca9de	items	src/block_definitions.rs	478	481	67	0
louis-e/arnis	6	788d5e9ca9de	functions	src/elevation/postprocess.rs	68	74	73	1
louis-e/arnis	6	788d5e9ca9de	named	src/elevation/postprocess.rs	68	74	73	1
louis-e/arnis	6	788d5e9ca9de	prodcode	src/block_definitions.rs	1701	1745	1569	0
louis-e/arnis	7	e7cdeb99e274	lines	src/world_editor/common.rs	2800	2806	2550	0
louis-e/arnis	7	e7cdeb99e274	lines	src/world_editor/mod.rs	2775	2815	2550	0
louis-e/arnis	7	e7cdeb99e274	code	src/world_editor/common.rs	2313	2316	2085	0
louis-e/arnis	7	e7cdeb99e274	code	src/world_editor/mod.rs	2217	2252	2085	0
louis-e/arnis	7	e7cdeb99e274	items	src/block_definitions.rs	412	478	69	1
louis-e/arnis	7	e7cdeb99e274	functions	src/world_editor/common.rs	113	114	77	0
louis-e/arnis	7	e7cdeb99e274	functions	src/world_editor/mod.rs	130	131	77	0
louis-e/arnis	7	e7cdeb99e274	named	src/world_editor/common.rs	113	114	77	0
louis-e/arnis	7	e7cdeb99e274	named	src/world_editor/mod.rs	130	131	77	0
louis-e/arnis	7	e7cdeb99e274	production	src/world_editor/common.rs	78	79	55	0
louis-e/arnis	7	e7cdeb99e274	production	src/world_editor/mod.rs	120	121	55	0
louis-e/arnis	7	e7cdeb99e274	prodcode	src/block_definitions.rs	1559	1701	1569	1
louis-e/arnis	7	e7cdeb99e274	prodcode	src/world_editor/common.rs	1644	1647	1569	0
louis-e/arnis	7	e7cdeb99e274	prodcode	src/world_editor/mod.rs	2054	2089	1569	0
louis-e/arnis	8	fc19146b3f72	code	src/osm_parser.rs	2075	2085	2075	0
louis-e/arnis	8	fc19146b3f72	functions	src/osm_parser.rs	81	83	77	0
louis-e/arnis	8	fc19146b3f72	named	src/osm_parser.rs	81	83	77	0
louis-e/arnis	9	80553b383f85	lines	src/element_processing/buildings.rs	13568	14764	2550	1
louis-e/arnis	9	80553b383f85	lines	src/overture/mod.rs	2948	2983	2550	1
louis-e/arnis	9	80553b383f85	code	src/element_processing/buildings.rs	11085	12007	2075	1
louis-e/arnis	9	80553b383f85	code	src/overture/mod.rs	2223	2246	2075	1
louis-e/arnis	9	80553b383f85	items	src/element_processing/buildings.rs	192	215	68	1
louis-e/arnis	9	80553b383f85	items	src/overture/mod.rs	68	70	68	1
louis-e/arnis	9	80553b383f85	functions	src/element_processing/buildings.rs	272	323	77	1
louis-e/arnis	9	80553b383f85	functions	src/overture/mod.rs	80	81	77	1
louis-e/arnis	9	80553b383f85	named	src/element_processing/buildings.rs	272	323	77	1
louis-e/arnis	9	80553b383f85	named	src/overture/mod.rs	80	81	77	1
louis-e/arnis	9	80553b383f85	production	src/element_processing/buildings.rs	188	209	55	1
louis-e/arnis	9	80553b383f85	production	src/overture/mod.rs	56	57	55	1
louis-e/arnis	9	80553b383f85	prodcode	src/element_processing/buildings.rs	9242	9651	1569	1
louis-e/arnis	9	80553b383f85	prodcode	src/overture/mod.rs	1765	1788	1569	1
denisidoro/navi	3	f7330b9ad5bd	lines	src/commands/core/actor.rs	261	286	261	0
denisidoro/navi	3	f7330b9ad5bd	lines	src/parser.rs	372	379	261	0
denisidoro/navi	3	f7330b9ad5bd	code	src/commands/core/actor.rs	228	249	210	0
denisidoro/navi	3	f7330b9ad5bd	code	src/parser.rs	308	313	210	0
denisidoro/navi	3	f7330b9ad5bd	functions	src/parser.rs	13	14	13	0
denisidoro/navi	3	f7330b9ad5bd	named	src/parser.rs	13	14	13	0
denisidoro/navi	3	f7330b9ad5bd	prodcode	src/commands/core/actor.rs	228	232	199	0
denisidoro/navi	4	a171c2938d5e	prodcode	src/finder/mod.rs	195	199	195	1
denisidoro/navi	10	9973dc88573b	lines	src/parser.rs	350	372	262	0
denisidoro/navi	10	9973dc88573b	code	src/parser.rs	296	308	210	0
denisidoro/navi	10	9973dc88573b	functions	src/parser.rs	10	13	12	0
denisidoro/navi	10	9973dc88573b	named	src/parser.rs	10	13	12	0
whyour/qinglong	4	f168efcdaeba	lines	back/services/cron.ts	1140	1147	586	1
whyour/qinglong	4	f168efcdaeba	code	back/services/cron.ts	1054	1058	570	1
whyour/qinglong	4	f168efcdaeba	functions	back/services/cron.ts	70	72	37	1
whyour/qinglong	4	f168efcdaeba	prodcode	back/services/cron.ts	1054	1058	570	1
whyour/qinglong	5	bf63425805be	lines	back/services/cron.ts	1122	1140	586	0
whyour/qinglong	5	bf63425805be	code	back/services/cron.ts	1040	1054	570	0
whyour/qinglong	5	bf63425805be	functions	back/services/cron.ts	69	70	37	0
whyour/qinglong	5	bf63425805be	prodcode	back/services/cron.ts	1040	1054	570	0
apollographql/apollo-client	7	0c925a434823	lines	src/cache/core/cache.ts	934	1073	843	0
apollographql/apollo-client	7	0c925a434823	lines	src/cache/inmemory/entityStore.ts	883	1004	843	1
apollographql/apollo-client	7	0c925a434823	lines	src/cache/inmemory/inMemoryCache.ts	610	890	843	1
apollographql/apollo-client	7	0c925a434823	lines	src/cache/inmemory/policies.ts	1216	1281	843	1
apollographql/apollo-client	7	0c925a434823	lines	src/cache/inmemory/readFromStore.ts	507	1161	843	1
apollographql/apollo-client	7	0c925a434823	lines	src/core/ApolloClient.ts	2078	2087	843	0
apollographql/apollo-client	7	0c925a434823	lines	src/core/ObservableQuery.ts	2173	2337	843	1
apollographql/apollo-client	7	0c925a434823	lines	src/core/QueryManager.ts	1852	1904	843	1
apollographql/apollo-client	7	0c925a434823	lines	src/react/hooks/useQuery.ts	992	1001	843	0
apollographql/apollo-client	7	0c925a434823	code	src/cache/core/cache.ts	616	676	643	0
apollographql/apollo-client	7	0c925a434823	code	src/cache/inmemory/entityStore.ts	618	719	643	1
apollographql/apollo-client	7	0c925a434823	code	src/cache/inmemory/policies.ts	790	849	643	1
apollographql/apollo-client	7	0c925a434823	code	src/cache/inmemory/readFromStore.ts	419	884	643	1
apollographql/apollo-client	7	0c925a434823	code	src/core/ApolloClient.ts	1137	1146	643	0
apollographql/apollo-client	7	0c925a434823	code	src/core/ObservableQuery.ts	1517	1613	643	1
apollographql/apollo-client	7	0c925a434823	code	src/core/QueryManager.ts	1450	1497	643	1
apollographql/apollo-client	7	0c925a434823	items	src/cache/inmemory/policies.ts	28	29	18	1
apollographql/apollo-client	7	0c925a434823	items	src/cache/inmemory/types.ts	13	20	18	0
apollographql/apollo-client	7	0c925a434823	items	src/incremental/__benches__/types.bench.ts	new	21	18	0
apollographql/apollo-client	7	0c925a434823	functions	integration-tests/type-tests/cacheOverride/classicSignature/index.ts	new	50	26	1
apollographql/apollo-client	7	0c925a434823	functions	integration-tests/type-tests/cacheOverride/defaults/index.ts	new	41	26	1
apollographql/apollo-client	7	0c925a434823	functions	integration-tests/type-tests/cacheOverride/invalid/index.ts	new	35	26	1
apollographql/apollo-client	7	0c925a434823	functions	integration-tests/type-tests/customScalars/all-any/differentTypes/index.ts	new	48	26	0
apollographql/apollo-client	7	0c925a434823	functions	integration-tests/type-tests/customScalars/all-any/empty/index.ts	new	32	26	0
apollographql/apollo-client	7	0c925a434823	functions	integration-tests/type-tests/customScalars/all-any/matchingTypes/index.ts	new	55	26	0
apollographql/apollo-client	7	0c925a434823	functions	integration-tests/type-tests/customScalars/all-any/mixed/index.ts	new	28	26	0
apollographql/apollo-client	7	0c925a434823	functions	integration-tests/type-tests/customScalars/all-structured/empty/index.ts	new	30	26	0
apollographql/apollo-client	7	0c925a434823	functions	integration-tests/type-tests/customScalars/all-unknown/differentTypes/index.ts	new	48	26	0
apollographql/apollo-client	7	0c925a434823	functions	integration-tests/type-tests/customScalars/all-unknown/empty/index.ts	new	32	26	0
apollographql/apollo-client	7	0c925a434823	functions	integration-tests/type-tests/customScalars/all-unknown/matchingTypes/index.ts	new	55	26	0
apollographql/apollo-client	7	0c925a434823	functions	integration-tests/type-tests/customScalars/all-unknown/mixed/index.ts	new	28	26	0
apollographql/apollo-client	7	0c925a434823	functions	integration-tests/type-tests/customScalars/differentTypes/index.ts	new	38	26	0
apollographql/apollo-client	7	0c925a434823	functions	integration-tests/type-tests/customScalars/matchingTypes/index.ts	new	38	26	0
apollographql/apollo-client	7	0c925a434823	functions	src/cache/core/cache.ts	42	47	26	0
apollographql/apollo-client	7	0c925a434823	functions	src/cache/inmemory/entityStore.ts	60	69	26	1
apollographql/apollo-client	7	0c925a434823	functions	src/cache/inmemory/inMemoryCache.ts	38	49	26	1
apollographql/apollo-client	7	0c925a434823	functions	src/cache/inmemory/policies.ts	41	43	26	1
apollographql/apollo-client	7	0c925a434823	functions	src/cache/inmemory/readFromStore.ts	19	39	26	1
apollographql/apollo-client	7	0c925a434823	functions	src/core/ObservableQuery.ts	94	98	26	1
apollographql/apollo-client	7	0c925a434823	functions	src/core/QueryManager.ts	88	89	26	1
apollographql/apollo-client	7	0c925a434823	functions	src/incremental/__benches__/types.bench.ts	new	64	26	0
apollographql/apollo-client	7	0c925a434823	named	src/cache/core/cache.ts	22	27	11	0
apollographql/apollo-client	7	0c925a434823	named	src/cache/inmemory/entityStore.ts	45	48	11	1
apollographql/apollo-client	7	0c925a434823	named	src/cache/inmemory/inMemoryCache.ts	29	37	11	1
apollographql/apollo-client	7	0c925a434823	named	src/cache/inmemory/policies.ts	29	31	11	1
apollographql/apollo-client	7	0c925a434823	named	src/cache/inmemory/readFromStore.ts	12	24	11	1
apollographql/apollo-client	7	0c925a434823	named	src/core/ObservableQuery.ts	54	57	11	1
apollographql/apollo-client	7	0c925a434823	named	src/testing/core/mocking/mockLink.ts	11	13	11	0
apollographql/apollo-client	7	0c925a434823	production	src/cache/core/cache.ts	22	27	11	0
apollographql/apollo-client	7	0c925a434823	production	src/cache/inmemory/entityStore.ts	45	48	11	1
apollographql/apollo-client	7	0c925a434823	production	src/cache/inmemory/inMemoryCache.ts	29	37	11	1
apollographql/apollo-client	7	0c925a434823	production	src/cache/inmemory/policies.ts	29	31	11	1
apollographql/apollo-client	7	0c925a434823	production	src/cache/inmemory/readFromStore.ts	12	24	11	1
apollographql/apollo-client	7	0c925a434823	production	src/core/ObservableQuery.ts	54	57	11	1
apollographql/apollo-client	7	0c925a434823	production	src/testing/core/mocking/mockLink.ts	11	13	11	0
apollographql/apollo-client	7	0c925a434823	prodcode	src/cache/core/cache.ts	616	676	643	0
apollographql/apollo-client	7	0c925a434823	prodcode	src/cache/inmemory/entityStore.ts	618	719	643	1
apollographql/apollo-client	7	0c925a434823	prodcode	src/cache/inmemory/policies.ts	790	849	643	1
apollographql/apollo-client	7	0c925a434823	prodcode	src/cache/inmemory/readFromStore.ts	419	884	643	1
apollographql/apollo-client	7	0c925a434823	prodcode	src/core/ApolloClient.ts	1137	1146	643	0
apollographql/apollo-client	7	0c925a434823	prodcode	src/core/ObservableQuery.ts	1517	1613	643	1
apollographql/apollo-client	7	0c925a434823	prodcode	src/core/QueryManager.ts	1450	1497	643	1
Open-Dev-Society/OpenStock	3	87df76a2ce58	code	app/(marketing)/sponsor/page.tsx	207	218	213	1
Open-Dev-Society/OpenStock	3	87df76a2ce58	prodcode	app/(marketing)/sponsor/page.tsx	207	218	213	1
Open-Dev-Society/OpenStock	4	130a69734d26	lines	lib/utils.ts	252	262	234	0
Open-Dev-Society/OpenStock	4	130a69734d26	items	lib/utils.ts	22	25	12	0
Open-Dev-Society/OpenStock	4	130a69734d26	functions	lib/utils.ts	22	24	15	0
Open-Dev-Society/OpenStock	4	130a69734d26	named	lib/utils.ts	19	21	10	0
Open-Dev-Society/OpenStock	4	130a69734d26	production	lib/utils.ts	19	21	10	0
Open-Dev-Society/OpenStock	9	3cf500ad4c82	lines	lib/actions/finnhub.actions.ts	268	350	268	1
Open-Dev-Society/OpenStock	9	3cf500ad4c82	lines	lib/inngest/functions.ts	466	502	268	1
Open-Dev-Society/OpenStock	9	3cf500ad4c82	code	lib/actions/finnhub.actions.ts	221	281	239	1
Open-Dev-Society/OpenStock	9	3cf500ad4c82	code	lib/inngest/functions.ts	358	389	239	1
Open-Dev-Society/OpenStock	9	3cf500ad4c82	items	lib/actions/finnhub.actions.ts	14	31	15	1
Open-Dev-Society/OpenStock	9	3cf500ad4c82	items	lib/constants.ts	21	28	15	1
Open-Dev-Society/OpenStock	9	3cf500ad4c82	items	lib/utils.ts	20	22	15	1
Open-Dev-Society/OpenStock	9	3cf500ad4c82	functions	components/shell/TabBar.tsx	new	17	15	1
Open-Dev-Society/OpenStock	9	3cf500ad4c82	functions	lib/actions/finnhub.actions.ts	18	32	15	1
Open-Dev-Society/OpenStock	9	3cf500ad4c82	functions	lib/constants.ts	10	18	15	1
Open-Dev-Society/OpenStock	9	3cf500ad4c82	functions	lib/inngest/functions.ts	18	20	15	1
Open-Dev-Society/OpenStock	9	3cf500ad4c82	functions	lib/utils.ts	19	22	15	1
Open-Dev-Society/OpenStock	9	3cf500ad4c82	named	lib/actions/finnhub.actions.ts	6	13	10	1
Open-Dev-Society/OpenStock	9	3cf500ad4c82	named	lib/utils.ts	17	19	10	1
Open-Dev-Society/OpenStock	9	3cf500ad4c82	production	lib/actions/finnhub.actions.ts	6	13	10	1
Open-Dev-Society/OpenStock	9	3cf500ad4c82	production	lib/utils.ts	17	19	10	1
Open-Dev-Society/OpenStock	9	3cf500ad4c82	prodcode	lib/actions/finnhub.actions.ts	221	281	239	1
Open-Dev-Society/OpenStock	9	3cf500ad4c82	prodcode	lib/inngest/functions.ts	358	389	239	1
mountain-loop/yaak	1	7f3025361685	lines	apps/yaak-client/components/EnvironmentEditDialog.tsx	444	496	413	1
mountain-loop/yaak	1	7f3025361685	code	apps/yaak-client/components/EnvironmentEditDialog.tsx	400	435	335	1
mountain-loop/yaak	1	7f3025361685	functions	apps/yaak-client/components/EnvironmentEditDialog.tsx	37	42	27	1
mountain-loop/yaak	1	7f3025361685	prodcode	apps/yaak-client/components/EnvironmentEditDialog.tsx	400	435	335	1
mountain-loop/yaak	2	6c2a18d506ae	lines	apps/yaak-client/components/core/Editor/Editor.tsx	770	798	413	1
mountain-loop/yaak	2	6c2a18d506ae	code	apps/yaak-client/components/core/Editor/Editor.tsx	635	644	335	1
mountain-loop/yaak	2	6c2a18d506ae	functions	apps/yaak-client/components/core/Editor/Editor.tsx	42	43	27	1
mountain-loop/yaak	2	6c2a18d506ae	prodcode	apps/yaak-client/components/core/Editor/Editor.tsx	635	644	335	1
mountain-loop/yaak	3	0a57d8eb6123	items	plugins/importer-insomnia/src/templates.ts	6	17	14	1
mountain-loop/yaak	3	0a57d8eb6123	named	plugins/importer-insomnia/src/templates.ts	5	14	11	1
mountain-loop/yaak	3	0a57d8eb6123	production	plugins/importer-insomnia/src/templates.ts	5	14	11	1
mountain-loop/yaak	5	34815f327a73	named	plugins/importer-insomnia/src/common.ts	10	14	11	1
mountain-loop/yaak	5	34815f327a73	production	plugins/importer-insomnia/src/common.ts	10	14	11	1
