firecrawl/pdf-inspector	files	88	parse_ms	377.2	extract_ms	1268.2	read_ms	1685.7	index_ms	0.6	impls	693	impl_bytes	26851	specific_calls	2309	call_bytes	192828	registrations	1474	reg_bytes	89212	functions	4097	shingle_bytes	2167328	component_edges	61
gfx-rs/wgpu	files	855	parse_ms	740.4	extract_ms	2828.4	read_ms	3664.3	index_ms	10.6	impls	6730	impl_bytes	356055	specific_calls	11563	call_bytes	1056609	registrations	5975	reg_bytes	695818	functions	9282	shingle_bytes	3786128	component_edges	296
louis-e/arnis	files	213	parse_ms	437.0	extract_ms	1744.5	read_ms	2250.1	index_ms	1.5	impls	1308	impl_bytes	54186	specific_calls	3439	call_bytes	278014	registrations	1693	reg_bytes	111317	functions	5098	shingle_bytes	3031272	component_edges	363
eythaann/Seelen-UI	files	614	parse_ms	172.7	extract_ms	474.2	read_ms	698.3	index_ms	20.6	impls	2985	impl_bytes	202324	specific_calls	1616	call_bytes	142003	registrations	637	reg_bytes	74825	functions	3075	shingle_bytes	865872	component_edges	36
denisidoro/navi	files	52	parse_ms	9.3	extract_ms	26.7	read_ms	39.8	index_ms	0.1	impls	115	impl_bytes	4111	specific_calls	39	call_bytes	2505	registrations	27	reg_bytes	1822	functions	184	shingle_bytes	52472	component_edges	51
refactoringhq/tolaria	files	1695	parse_ms	840.9	extract_ms	2338.4	read_ms	3306.1	index_ms	338.5	impls	643	impl_bytes	35077	specific_calls	4469	call_bytes	321280	registrations	940	reg_bytes	71463	functions	13039	shingle_bytes	2821632	component_edges	194
whyour/qinglong	files	253	parse_ms	109.6	extract_ms	376.5	read_ms	507.5	index_ms	7.4	impls	26	impl_bytes	2604	specific_calls	381	call_bytes	24276	registrations	246	reg_bytes	19034	functions	1350	shingle_bytes	703704	component_edges	11
apollographql/apollo-client	files	760	parse_ms	751.8	extract_ms	2461.8	read_ms	3297.3	index_ms	46.9	impls	45	impl_bytes	7152	specific_calls	858	call_bytes	51862	registrations	3229	reg_bytes	295938	functions	2681	shingle_bytes	699752	component_edges	11
Open-Dev-Society/OpenStock	files	111	parse_ms	24.8	extract_ms	69.2	read_ms	99.8	index_ms	0.2	impls	1	impl_bytes	48	specific_calls	44	call_bytes	3005	registrations	16	reg_bytes	1006	functions	277	shingle_bytes	115960	component_edges	1
mountain-loop/yaak	files	1061	parse_ms	356.7	extract_ms	1106.2	read_ms	1532.2	index_ms	209.2	impls	2356	impl_bytes	140926	specific_calls	2600	call_bytes	236290	registrations	1238	reg_bytes	118831	functions	4406	shingle_bytes	1874248	component_edges	369
