tool	rule	family
eslint	no-eval	injection
eslint	@typescript-eslint/no-implied-eval	injection
eslint	no-new-func	injection
eslint	no-empty	swallowed
eslint	@typescript-eslint/no-empty-function	swallowed
eslint	sonarjs/no-ignored-exceptions	swallowed
eslint	@typescript-eslint/no-unused-vars	dead
eslint	no-unreachable	dead
eslint	sonarjs/no-commented-code	dead
eslint	no-console	debug
eslint	no-debugger	debug
eslint	no-alert	debug
eslint	@typescript-eslint/no-unnecessary-condition	condition
ruff	S102	injection
ruff	S307	injection
ruff	S602	injection
ruff	S604	injection
ruff	S605	injection
ruff	S608	injection
ruff	S105	secrets
ruff	S106	secrets
ruff	S107	secrets
ruff	E722	swallowed
ruff	BLE001	swallowed
ruff	S110	swallowed
ruff	S112	swallowed
ruff	SIM105	swallowed
ruff	F401	dead
ruff	F841	dead
ruff	ERA001	dead
ruff	T100	debug
ruff	T201	debug
ruff	T203	debug
semgrep	recipes.sql-template-ts	injection
semgrep	recipes.exec-template-ts	injection
semgrep	recipes.sql-format-py	injection
semgrep	recipes.hardcoded-secret	secrets
gitleaks	*	secrets
