broad-handler	python	646	362
broad-handler	rust	282	249
broad-handler	ts	578	540
constant-return	python	195	15
constant-return	rust	110	40
constant-return	ts	73	45
default-handler	python	97	12
default-handler	rust	756	683
default-handler	ts	113	56
ellipsis-body	python	196	0
empty-handler	python	480	105
empty-handler	rust	600	455
empty-handler	ts	192	67
log-handler	python	284	127
log-handler	rust	165	153
log-handler	ts	167	163
mock-name	python	3045	171
mock-name	rust	112	42
mock-name	ts	1602	298
placeholder-wording	python	706	233
placeholder-wording	rust	168	134
placeholder-wording	ts	382	105
throw-body	python	537	23
throw-body	rust	204	66
throw-body	ts	166	10
