TypeScript	refactoringhq/tolaria	04030c3e0a23ce93f39a83d821b1b87ec03aec4e	2
TypeScript	refactoringhq/tolaria	d9e02a167907a9ef51d55d98127bc298888322fa	2
TypeScript	refactoringhq/tolaria	44740e4ae18d3759bcbfe54483e64e3154dd379b	7
TypeScript	refactoringhq/tolaria	7435ef89016da9f2fb1fc4738823ffd7cb37aa00	0
TypeScript	refactoringhq/tolaria	d0e41fe6ecc8e5c17bd3b1ccdd85a729f77381ba	0
TypeScript	refactoringhq/tolaria	83e0c2b860b48009876096c0ff42598a72003607	0
TypeScript	refactoringhq/tolaria	f27bd5a33a6e60b13ecc6c09434b550d388d2aac	2
TypeScript	refactoringhq/tolaria	0987b82e0a736b05b84e08de8f10101ddb273955	0
TypeScript	refactoringhq/tolaria	9c1bd1ed36f410de947b68d2cd2e1437ef3f5987	0
TypeScript	refactoringhq/tolaria	ebbcef5a67732a8f65bb98f3320eaa1182ab4ace	0
TypeScript	whyour/qinglong	44129ca0883eeb3be4f21376e1b139b2c3d3752c	1
TypeScript	whyour/qinglong	def4917447b1d83ea4d7135f9e9241f1b0d30bf6	0
TypeScript	whyour/qinglong	bc0f35e3f7484e72eedc50bfbf8daa621510c220	0
TypeScript	whyour/qinglong	f168efcdaeba2ba3e0be0bfaa3040aa0a5f644c5	9
TypeScript	whyour/qinglong	bf63425805bed9248ba17568c07e382c8e205887	4
TypeScript	whyour/qinglong	a8310e7d510347d1e6796ae74754469ea01fed59	4
TypeScript	whyour/qinglong	a67d44cde54fbf2943f62a9e01051f54166540ee	0
TypeScript	whyour/qinglong	6c487018c2e6b37ea1cfd5fabb383c8702e30426	1
TypeScript	whyour/qinglong	801a71d7402f5d4b582318ed88ad00633357a531	74
TypeScript	whyour/qinglong	f051135fc4abf9f1df806111d0015c210954861d	1
TypeScript	apollographql/apollo-client	c9fcb07e174418c80c40e0c9aaa1f484159c12e5	0
TypeScript	apollographql/apollo-client	f660c1abe7d2a9950f215d8ba2b36573abd4b939	0
TypeScript	apollographql/apollo-client	4bb0b7ad64e5a928bddab32a7f398c911f24579d	0
TypeScript	apollographql/apollo-client	37f700eb4c65ec7683111e128bca087d4a97cf41	3
TypeScript	apollographql/apollo-client	d4f87701204441f66b40db157b2bbd8783e46e57	0
TypeScript	apollographql/apollo-client	d3c455ffc0c0354a6dc1046dd816f478401748be	0
TypeScript	apollographql/apollo-client	0c925a434823778a5ad8b4842c304390d7339406	164
TypeScript	apollographql/apollo-client	70e3a11d93c8ef8d64aa2a7d12b02b773a57c7ca	0
TypeScript	apollographql/apollo-client	79e7c60fab74e4aec31717eececa582ba9dfd147	0
TypeScript	apollographql/apollo-client	54084bc22e92651cf153d03d0370b8dff3d1163f	6
TypeScript	Open-Dev-Society/OpenStock	0248d5d9284b8b9fae4ae82a211d30fe4b88fe09	0
TypeScript	Open-Dev-Society/OpenStock	391e72d780c2c43d1290946057bfa9d530a19e2e	2
TypeScript	Open-Dev-Society/OpenStock	87df76a2ce58c33bc98b89760f4cc8f6527834d0	2
TypeScript	Open-Dev-Society/OpenStock	130a69734d26da4b101cc1412ef54a7650d1d325	4
TypeScript	Open-Dev-Society/OpenStock	e844ac413c740214948a6fb3696797256a8435b3	13
TypeScript	Open-Dev-Society/OpenStock	1819bdf8a584c0b64ebd246f6e4b3c2e8edcc9eb	0
TypeScript	Open-Dev-Society/OpenStock	573f9bac853788682c5738aa6b5152a1793a7490	1
TypeScript	Open-Dev-Society/OpenStock	75a9ebb6f5975c110fbd672b9501b588900f8c68	1
TypeScript	Open-Dev-Society/OpenStock	3cf500ad4c82161591c881c8c0a8eb244bac08e2	82
TypeScript	Open-Dev-Society/OpenStock	eac13c65be699336d67c7fd49446acddd39585a8	0
TypeScript	mountain-loop/yaak	7f302536168585be4603aea09491a78b75c57070	4
TypeScript	mountain-loop/yaak	6c2a18d506aef3a9988288cd11a413d6c7fdf823	1
TypeScript	mountain-loop/yaak	0a57d8eb6123e6c87c90f71eedf10bc3630d76b3	2
TypeScript	mountain-loop/yaak	411aa262c7a6e819ca0e77e6e95825c78775013a	3
TypeScript	mountain-loop/yaak	34815f327a73e686f8d630a9847720c8291e914e	8
TypeScript	mountain-loop/yaak	6fc43a60e23b7680a31dd06ccb5e668460b9d87d	13
TypeScript	mountain-loop/yaak	23d369d84e26b47542bbc2eae5b7bc879a9efc26	5
TypeScript	mountain-loop/yaak	6e7f23a778e1d89a6add5216ded9f52ec2108ef7	0
TypeScript	mountain-loop/yaak	b03c41b767caa8cea8ab2b58559a7ef07b352cfb	0
TypeScript	mountain-loop/yaak	a0d71eb486ee6a7d406ff2c5c1e6c64390edf9a3	0
Python	mikf/gallery-dl	8b9a56d6b1a53bc13a80894625fd58b24de3063a	1
Python	mikf/gallery-dl	19a64031b7e695dc76d7d689a1c9d7470fc0bfc7	1
Python	mikf/gallery-dl	d9eebbea041a52e347a2b181bdd64536a875d004	1
Python	mikf/gallery-dl	2adf2a8e0041ec55afdcc2211fd5c7ca239a9352	1
Python	mikf/gallery-dl	4f0abb2606e2c63423b13e8a072ec7fbaa79d036	1
Python	mikf/gallery-dl	86047cf67a12bdb6ff1085774f8ad9fc347e8da9	1
Python	mikf/gallery-dl	8939a870a1b319634489839a8b224803dccb13ec	1
Python	mikf/gallery-dl	f2ebb9936a7986a1f41f6acde02b269beedff735	0
Python	mikf/gallery-dl	d93587c8e10b98b02af06c407c6be22d13e51f8d	1
Python	mikf/gallery-dl	01f5dff21fbbde04c9729cecdabac7306a997121	1
Python	astral-sh/ty	f40d21a17daeb1d52ae883b4625f7591ff5838fb	0
Python	astral-sh/ty	8e4aef298ab0e39007e59fb2cedcaddbebc34afc	0
Python	astral-sh/ty	bef3a06e67d863b41e841d4d75cf254f787e598a	0
Python	astral-sh/ty	6a60da5e9c53395e7ee46fed3fceedeb218a143b	0
Python	astral-sh/ty	8dd9a7f7fa35a18275d82117e6593ba45507065f	0
Python	astral-sh/ty	d4e4bf90906c7677049bc3a29d1735de7d22052d	0
Python	astral-sh/ty	94ce7333abb356b2068dc98d37a68c993da6d09b	0
Python	astral-sh/ty	901eeaa9cd9ac06f34e85e4f721f76a0dc36e217	0
Python	astral-sh/ty	09bf0b1b2114a628f3e2296d3d9d28245066c98b	0
Python	astral-sh/ty	89d6ffe529dd44f64adc0d28f80744b7c7ab217f	0
Python	teng-lin/notebooklm-py	4d6a4e5494d721cea4d87e2d4c226afee305eee8	0
Python	teng-lin/notebooklm-py	4e7960984b6359b576a462660ef32d4d98c9e78c	0
Python	teng-lin/notebooklm-py	2cd62cd7bd540dbda559385ea44b1b309fa41fd0	0
Python	teng-lin/notebooklm-py	833078ddfc625f46765728e2e6fd3a67778a0da8	0
Python	teng-lin/notebooklm-py	6e80bd3ba3da69e63d75bf6f712b41d1d65c3ee7	8
Python	teng-lin/notebooklm-py	af19e326e69771c1323e1a865d2933edbc20450e	27
Python	teng-lin/notebooklm-py	4d92743240852b4832ce45d76894a5d247e8e286	16
Python	teng-lin/notebooklm-py	ca86547706c7ba1ee2190e67a01282509a5f4130	15
Python	teng-lin/notebooklm-py	cf889298c1a2757b542fd54437f8e79e8f2cda0e	14
Python	teng-lin/notebooklm-py	2c56ebbee6775a33f18f6f689b484b85dfc506cd	7
Python	kvcache-ai/ktransformers	c40722bf04c494f2492b7eb9e86ef01a4ede45b3	0
Python	kvcache-ai/ktransformers	f7607c0f66c643220ff43b822b24483c98c41392	0
Python	kvcache-ai/ktransformers	105359b4bf70073af9fab992ad29920666acccc9	0
Python	kvcache-ai/ktransformers	4bf0974553a7e6e4041352f4356f275624791100	0
Python	kvcache-ai/ktransformers	0b954fe4ca2f9e79519da66156e6a3f92b686232	0
Python	kvcache-ai/ktransformers	0dce4c9b097710951d1b3e232f50b973ff0a5505	0
Python	kvcache-ai/ktransformers	f312728aa9655881b622bbb5d63a21b454ea1f38	0
Python	kvcache-ai/ktransformers	4882505c9a66a6784b3360a1b6ba9b23d53d0291	0
Python	kvcache-ai/ktransformers	105cee4bd1dce07369a254cad7727da44a30a890	3
Python	kvcache-ai/ktransformers	440df948027128318bc30a11a545433eb0c7d383	1
Python	huggingface/trl	9fa0abbd2999fab19e7894cbb9a5cabb42ba4e96	7
Python	huggingface/trl	2270d95a3739a4bb6ae53c942a521bd0aa5dde22	51
Python	huggingface/trl	b29d4bea3fa874c8b0154a78b7ad59bb5a6df674	8
Python	huggingface/trl	468876877598b8913a00c8bff1218781d1c99cab	8
Python	huggingface/trl	d947c4f5098c8d6ca30ea7ff58b98e6570fd6a01	2
Python	huggingface/trl	4c2d04825b7129140b8e8ed07c8399debe06f7bd	0
Python	huggingface/trl	e8f888454cea71d2c387d049a8488ca537aba382	1
Python	huggingface/trl	0f23835538872e6405431110fe415f95f06ce636	1
Python	huggingface/trl	6de4f740b1280605dd1124521a6d1cb525263808	1
Python	huggingface/trl	05ce0987c7deb4cd45c776e51c8cdf0174aee000	15
