TypeScript	refactoringhq/tolaria	d9e02a1679	eslint	src/components/FilePreviewContent.tsx	268	@typescript-eslint/no-unnecessary-condition	Unnecessary conditional, comparison is always false, since `null !== null` is false.
TypeScript	whyour/qinglong	f168efcdae	eslint	back/schedule/addCron.ts	64	@typescript-eslint/no-unnecessary-condition	Unnecessary conditional, value is always truthy.
TypeScript	whyour/qinglong	f168efcdae	eslint	back/schedule/addCron.ts	95	@typescript-eslint/no-unnecessary-condition	Unnecessary optional chain on a non-nullish value.
TypeScript	whyour/qinglong	f168efcdae	eslint	back/schedule/client.ts	72	@typescript-eslint/no-unnecessary-condition	Unnecessary optional chain on a non-nullish value.
TypeScript	whyour/qinglong	801a71d740	eslint	back/loaders/deps.ts	86	@typescript-eslint/no-unused-vars	'error' is defined but never used.
TypeScript	whyour/qinglong	801a71d740	eslint	back/loaders/deps.ts	86	no-empty	Empty block statement.
TypeScript	whyour/qinglong	801a71d740	eslint	back/loaders/deps.ts	86	sonarjs/no-ignored-exceptions	Handle this exception, don't catch it at all, or explain in a comment why it is ignored.
TypeScript	whyour/qinglong	801a71d740	eslint	cli/src/entrypoints/ql.ts	157	@typescript-eslint/no-unused-vars	'rest' is assigned a value but never used.
TypeScript	whyour/qinglong	801a71d740	eslint	cli/src/internal/execution/dependencies.ts	17	@typescript-eslint/no-empty-function	Unexpected empty method 'output'.
TypeScript	whyour/qinglong	801a71d740	eslint	cli/src/internal/integration/cronEntrypoint.ts	64	@typescript-eslint/no-unnecessary-condition	Unnecessary conditional, value is always truthy.
TypeScript	whyour/qinglong	801a71d740	eslint	cli/src/internal/integration/cronEntrypoint.ts	123	no-empty	Empty block statement.
TypeScript	whyour/qinglong	801a71d740	eslint	cli/src/internal/maintenance/bootstrap.ts	172	@typescript-eslint/no-unnecessary-condition	Unnecessary optional chain on a non-nullish value.
TypeScript	whyour/qinglong	801a71d740	eslint	cli/src/internal/maintenance/bot.ts	94	@typescript-eslint/no-unnecessary-condition	Unnecessary optional chain on a non-nullish value.
TypeScript	whyour/qinglong	801a71d740	eslint	cli/src/internal/runtime/api.ts	47	@typescript-eslint/no-empty-function	Unexpected empty method 'output'.
TypeScript	whyour/qinglong	801a71d740	eslint	cli/src/internal/runtime/containerEnvironment.ts	30	@typescript-eslint/no-unnecessary-condition	Unnecessary optional chain on a non-nullish value.
TypeScript	whyour/qinglong	801a71d740	eslint	cli/src/internal/runtime/containerEnvironment.ts	32	@typescript-eslint/no-unnecessary-condition	Unnecessary conditional, the types have no overlap.
TypeScript	whyour/qinglong	801a71d740	eslint	cli/src/internal/runtime/containerEnvironment.ts	36	@typescript-eslint/no-empty-function	Unexpected empty method 'stderrOutput'.
TypeScript	whyour/qinglong	801a71d740	eslint	cli/src/internal/runtime/containerEnvironment.ts	45	@typescript-eslint/no-unnecessary-condition	Unnecessary conditional, expected left-hand side of `??` operator to be possibly null or undefined.
TypeScript	whyour/qinglong	801a71d740	eslint	cli/src/internal/runtime/containerRuntime.ts	134	@typescript-eslint/no-empty-function	Unexpected empty arrow function.
TypeScript	whyour/qinglong	801a71d740	eslint	cli/src/internal/runtime/hostServices.ts	14	@typescript-eslint/no-unnecessary-condition	Unnecessary optional chain on a non-nullish value.
TypeScript	whyour/qinglong	801a71d740	eslint	cli/src/internal/runtime/lifecycle.ts	24	no-empty	Empty block statement.
TypeScript	whyour/qinglong	801a71d740	eslint	cli/src/internal/subscription/subscriptionRunner.ts	132	@typescript-eslint/no-unnecessary-condition	Unnecessary conditional, value is always falsy.
TypeScript	whyour/qinglong	801a71d740	eslint	cli/src/remote/auth/store.ts	28	@typescript-eslint/no-unnecessary-condition	Unnecessary conditional, value is always truthy.
TypeScript	whyour/qinglong	801a71d740	eslint	cli/src/remote/commands/open.ts	102	@typescript-eslint/no-unnecessary-condition	Unnecessary conditional, value is always falsy.
TypeScript	whyour/qinglong	801a71d740	eslint	cli/src/shared/cli/arguments.ts	48	@typescript-eslint/no-empty-function	Unexpected empty arrow function.
TypeScript	whyour/qinglong	801a71d740	eslint	cli/src/shared/cli/options.ts	17	@typescript-eslint/no-empty-function	Unexpected empty method 'writeErr'.
TypeScript	whyour/qinglong	801a71d740	eslint	cli/src/shared/cli/options.ts	17	@typescript-eslint/no-empty-function	Unexpected empty method 'writeOut'.
TypeScript	apollographql/apollo-client	37f700eb4c	eslint	src/react/hooks/__tests__/useLazyQuery.test.tsx	2514	@typescript-eslint/no-unused-vars	'_disabledAct' is assigned a value but never used.
TypeScript	apollographql/apollo-client	37f700eb4c	eslint	src/react/hooks/__tests__/useQuery.test.tsx	344	@typescript-eslint/no-unused-vars	'_disabledAct' is assigned a value but never used.
TypeScript	apollographql/apollo-client	37f700eb4c	eslint	src/react/hooks/useLazyQuery.ts	496	@typescript-eslint/no-empty-function	Unexpected empty arrow function.
TypeScript	apollographql/apollo-client	0c925a4348	eslint	integration-tests/type-tests/cacheOverride/invalid/index.ts	2	@typescript-eslint/no-unused-vars	'ApolloCache' is defined but never used.
TypeScript	apollographql/apollo-client	0c925a4348	eslint	integration-tests/type-tests/customScalars/all-any/differentTypes/index.ts	94	@typescript-eslint/no-unused-vars	'value' is defined but never used.
TypeScript	apollographql/apollo-client	0c925a4348	eslint	integration-tests/type-tests/customScalars/all-any/empty/index.ts	76	@typescript-eslint/no-unused-vars	'value' is defined but never used.
TypeScript	apollographql/apollo-client	0c925a4348	eslint	integration-tests/type-tests/customScalars/all-any/matchingTypes/index.ts	116	@typescript-eslint/no-unused-vars	'value' is defined but never used.
TypeScript	apollographql/apollo-client	0c925a4348	eslint	integration-tests/type-tests/customScalars/all-structured/empty/index.ts	74	@typescript-eslint/no-unused-vars	'value' is defined but never used.
TypeScript	apollographql/apollo-client	0c925a4348	eslint	integration-tests/type-tests/customScalars/all-structured/matchingTypes/index.ts	82	@typescript-eslint/no-unused-vars	'value' is defined but never used.
TypeScript	apollographql/apollo-client	0c925a4348	eslint	integration-tests/type-tests/customScalars/all-unknown/differentTypes/index.ts	95	@typescript-eslint/no-unused-vars	'value' is defined but never used.
TypeScript	apollographql/apollo-client	0c925a4348	eslint	integration-tests/type-tests/customScalars/all-unknown/empty/index.ts	77	@typescript-eslint/no-unused-vars	'value' is defined but never used.
TypeScript	apollographql/apollo-client	0c925a4348	eslint	integration-tests/type-tests/customScalars/all-unknown/matchingTypes/index.ts	118	@typescript-eslint/no-unused-vars	'value' is defined but never used.
TypeScript	apollographql/apollo-client	0c925a4348	eslint	integration-tests/type-tests/customScalars/differentTypes/index.ts	111	@typescript-eslint/no-unused-vars	'value' is defined but never used.
TypeScript	apollographql/apollo-client	0c925a4348	eslint	integration-tests/type-tests/customScalars/matchingTypes/index.ts	103	@typescript-eslint/no-unused-vars	'value' is defined but never used.
TypeScript	apollographql/apollo-client	0c925a4348	eslint	integration-tests/type-tests/fromOptionValue/override/index.ts	47	@typescript-eslint/no-unused-vars	'_missingTypename' is assigned a value but never used.
TypeScript	apollographql/apollo-client	0c925a4348	eslint	integration-tests/type-tests/fromOptionValue/override/index.ts	49	@typescript-eslint/no-unused-vars	'_wrongTypename' is assigned a value but never used.
TypeScript	apollographql/apollo-client	0c925a4348	eslint	integration-tests/type-tests/fromOptionValue/override/index.ts	51	@typescript-eslint/no-unused-vars	'_nullValue' is assigned a value but never used.
TypeScript	apollographql/apollo-client	0c925a4348	eslint	integration-tests/type-tests/fromOptionValue/override/index.ts	53	@typescript-eslint/no-unused-vars	'_undefinedValue' is assigned a value but never used.
TypeScript	apollographql/apollo-client	0c925a4348	eslint	integration-tests/type-tests/fromOptionValue/override/index.ts	66	@typescript-eslint/no-unused-vars	'_validObject' is assigned a value but never used.
TypeScript	apollographql/apollo-client	0c925a4348	eslint	integration-tests/type-tests/fromOptionValue/override/index.ts	67	@typescript-eslint/no-unused-vars	'_validCustomKey' is assigned a value but never used.
TypeScript	apollographql/apollo-client	0c925a4348	eslint	integration-tests/type-tests/fromOptionValue/override/index.ts	68	@typescript-eslint/no-unused-vars	'_validRef' is assigned a value but never used.
TypeScript	apollographql/apollo-client	0c925a4348	eslint	integration-tests/type-tests/fromOptionValue/override/index.ts	69	@typescript-eslint/no-unused-vars	'_validString' is assigned a value but never used.
TypeScript	apollographql/apollo-client	0c925a4348	eslint	integration-tests/type-tests/fromOptionValue/override/index.ts	70	@typescript-eslint/no-unused-vars	'_validNull' is assigned a value but never used.
TypeScript	apollographql/apollo-client	0c925a4348	eslint	integration-tests/type-tests/fromOptionValue/override/index.ts	74	@typescript-eslint/no-unused-vars	'_identifyArg' is assigned a value but never used.
TypeScript	apollographql/apollo-client	0c925a4348	eslint	src/cache/core/__tests__/cache.ts	378	@typescript-eslint/no-unused-vars	'key' is defined but never used.
TypeScript	apollographql/apollo-client	0c925a4348	eslint	src/cache/core/cache.ts	328	@typescript-eslint/no-unused-vars	'key' is defined but never used.
TypeScript	apollographql/apollo-client	0c925a4348	eslint	src/cache/core/cache.ts	335	@typescript-eslint/no-unused-vars	'typename' is defined but never used.
TypeScript	apollographql/apollo-client	0c925a4348	eslint	src/cache/core/cache.ts	336	@typescript-eslint/no-unused-vars	'fieldName' is defined but never used.
TypeScript	apollographql/apollo-client	0c925a4348	eslint	src/cache/inmemory/__tests__/cache.diff/incremental.test.ts	229	@typescript-eslint/no-unused-vars	'_' is assigned a value but never used.
TypeScript	apollographql/apollo-client	0c925a4348	eslint	src/cache/inmemory/__tests__/scalars.ts	808	@typescript-eslint/no-unused-vars	'_' is assigned a value but never used.
TypeScript	apollographql/apollo-client	0c925a4348	eslint	src/cache/inmemory/__tests__/scalars.ts	850	no-console	Unexpected console statement.
TypeScript	apollographql/apollo-client	0c925a4348	eslint	src/cache/inmemory/__tests__/variablesSerialization.ts	72	@typescript-eslint/no-unnecessary-condition	Unnecessary conditional, the types have no overlap.
TypeScript	apollographql/apollo-client	0c925a4348	eslint	src/cache/inmemory/__tests__/variablesSerialization.ts	310	@typescript-eslint/no-unused-vars	'_' is assigned a value but never used.
TypeScript	apollographql/apollo-client	0c925a4348	eslint	src/cache/inmemory/__tests__/variablesSerialization.ts	330	no-console	Unexpected console statement.
TypeScript	apollographql/apollo-client	0c925a4348	eslint	src/cache/inmemory/entityStore.ts	421	@typescript-eslint/no-unnecessary-condition	Unnecessary optional chain on a non-nullish value.
TypeScript	apollographql/apollo-client	0c925a4348	eslint	src/cache/inmemory/entityStore.ts	472	@typescript-eslint/no-unnecessary-condition	Unnecessary conditional, value is always falsy.
TypeScript	apollographql/apollo-client	0c925a4348	eslint	src/cache/inmemory/inMemoryCache.ts	368	@typescript-eslint/no-unnecessary-condition	Unnecessary conditional, value is always falsy.
TypeScript	apollographql/apollo-client	0c925a4348	eslint	src/cache/inmemory/readFromStore.ts	541	@typescript-eslint/no-unnecessary-condition	Unnecessary conditional, value is always truthy.
TypeScript	apollographql/apollo-client	0c925a4348	eslint	src/cache/inmemory/readFromStore.ts	918	@typescript-eslint/no-unnecessary-condition	Unnecessary conditional, value is always falsy.
TypeScript	apollographql/apollo-client	0c925a4348	eslint	src/core/__tests__/ApolloClient/general.test.ts	2881	@typescript-eslint/no-unused-vars	'_' is assigned a value but never used.
TypeScript	apollographql/apollo-client	0c925a4348	eslint	src/core/__tests__/ApolloClient/general.test.ts	3116	no-console	Unexpected console statement.
TypeScript	apollographql/apollo-client	0c925a4348	eslint	src/core/__tests__/client.watchQuery/customScalars.test.ts	1980	@typescript-eslint/no-unused-vars	'_' is assigned a value but never used.
TypeScript	apollographql/apollo-client	0c925a4348	eslint	src/core/__tests__/client.watchQuery/deferGraphQL17Alpha9.test.ts	423	@typescript-eslint/no-unused-vars	'_consoleSpy' is assigned a value but never used.
TypeScript	apollographql/apollo-client	0c925a4348	eslint	src/core/__tests__/client.watchQuery/deferGraphQL17Alpha9.test.ts	531	@typescript-eslint/no-unused-vars	'_' is assigned a value but never used.
TypeScript	apollographql/apollo-client	0c925a4348	eslint	src/core/__tests__/client.watchQuery/streamGraphQL17Alpha9.test.ts	2393	@typescript-eslint/no-unused-vars	'_consoleSpy' is assigned a value but never used.
TypeScript	apollographql/apollo-client	0c925a4348	eslint	src/core/__tests__/client.watchQuery/streamGraphQL17Alpha9.test.ts	2656	@typescript-eslint/no-unused-vars	'_' is assigned a value but never used.
TypeScript	apollographql/apollo-client	0c925a4348	eslint	src/core/__tests__/incompleteCacheReadWarning.test.ts	456	no-console	Unexpected console statement.
TypeScript	apollographql/apollo-client	0c925a4348	eslint	src/incremental/__benches__/types.bench.ts	20	@typescript-eslint/no-unused-vars	'_TypeCacheWarmup' is defined but never used.
TypeScript	apollographql/apollo-client	0c925a4348	eslint	src/incremental/handlers/defer20220824.ts	214	@typescript-eslint/no-unused-vars	'_' is defined but never used.
TypeScript	apollographql/apollo-client	0c925a4348	eslint	src/incremental/handlers/graphql17Alpha9.ts	375	@typescript-eslint/no-unused-vars	'_' is defined but never used.
TypeScript	apollographql/apollo-client	0c925a4348	eslint	src/react/hooks/__tests__/useBackgroundQuery/customScalars.test.tsx	40	@typescript-eslint/no-unused-vars	'_disabledAct' is assigned a value but never used.
TypeScript	apollographql/apollo-client	0c925a4348	eslint	src/react/hooks/__tests__/useFragment/customScalars.test.tsx	44	@typescript-eslint/no-unused-vars	'_disabledAct' is assigned a value but never used.
TypeScript	apollographql/apollo-client	0c925a4348	eslint	src/react/hooks/__tests__/useLazyQuery/customScalars.test.tsx	43	@typescript-eslint/no-unused-vars	'_disabledAct' is assigned a value but never used.
TypeScript	apollographql/apollo-client	0c925a4348	eslint	src/react/hooks/__tests__/useLoadableQuery/customScalars.test.tsx	40	@typescript-eslint/no-unused-vars	'_disabledAct' is assigned a value but never used.
TypeScript	apollographql/apollo-client	0c925a4348	eslint	src/react/hooks/__tests__/useMutation/customScalars.test.tsx	45	@typescript-eslint/no-unused-vars	'_disabledAct' is assigned a value but never used.
TypeScript	apollographql/apollo-client	0c925a4348	eslint	src/react/hooks/__tests__/useQuery/customScalars.test.tsx	43	@typescript-eslint/no-unused-vars	'_disabledAct' is assigned a value but never used.
TypeScript	apollographql/apollo-client	0c925a4348	eslint	src/react/hooks/__tests__/useQueryRefHandlers/customScalars.test.tsx	101	@typescript-eslint/no-unused-vars	'_disabledAct' is assigned a value but never used.
TypeScript	apollographql/apollo-client	0c925a4348	eslint	src/react/hooks/__tests__/useSubscription.test.tsx	482	@typescript-eslint/no-unused-vars	'_disabledAct' is assigned a value but never used.
TypeScript	apollographql/apollo-client	0c925a4348	eslint	src/react/hooks/__tests__/useSubscription.test.tsx	485	@typescript-eslint/no-unused-vars	'variables' is defined but never used.
TypeScript	apollographql/apollo-client	0c925a4348	eslint	src/react/hooks/__tests__/useSubscription/customScalars.test.tsx	33	@typescript-eslint/no-unused-vars	'_disabledAct' is assigned a value but never used.
TypeScript	apollographql/apollo-client	0c925a4348	eslint	src/react/hooks/__tests__/useSuspenseFragment/customScalars.test.tsx	44	@typescript-eslint/no-unused-vars	'_disabledAct' is assigned a value but never used.
TypeScript	apollographql/apollo-client	0c925a4348	eslint	src/react/hooks/__tests__/useSuspenseQuery/customScalars.test.tsx	42	@typescript-eslint/no-unused-vars	'_disabledAct' is assigned a value but never used.
TypeScript	apollographql/apollo-client	0c925a4348	eslint	src/react/hooks/__tests__/useSuspenseQuery/streamGraphQL17Alpha9.test.tsx	1578	@typescript-eslint/no-unused-vars	'cache' is defined but never used.
TypeScript	apollographql/apollo-client	0c925a4348	eslint	src/react/hooks/__tests__/useSuspenseQuery/streamGraphQL17Alpha9.test.tsx	1597	@typescript-eslint/no-unused-vars	'_consoleSpy' is assigned a value but never used.
TypeScript	apollographql/apollo-client	0c925a4348	eslint	src/react/hooks/__tests__/useSuspenseQuery/streamGraphQL17Alpha9.test.tsx	1615	@typescript-eslint/no-unused-vars	'_disabledAct' is assigned a value but never used.
TypeScript	apollographql/apollo-client	0c925a4348	eslint	src/react/query-preloader/__tests__/createQueryPreloader/customScalars.test.tsx	41	@typescript-eslint/no-unused-vars	'_disabledAct' is assigned a value but never used.
TypeScript	apollographql/apollo-client	0c925a4348	eslint	src/utilities/internal/__tests__/coerceScalarFieldsToParsed.test.ts	535	@typescript-eslint/no-unused-vars	'_' is assigned a value but never used.
TypeScript	apollographql/apollo-client	0c925a4348	eslint	src/utilities/internal/__tests__/coerceScalarFieldsToParsed.test.ts	573	no-console	Unexpected console statement.
TypeScript	apollographql/apollo-client	0c925a4348	eslint	src/utilities/internal/coerceScalarFieldsToParsed.ts	46	@typescript-eslint/no-unnecessary-condition	Unnecessary conditional, value is always falsy.
TypeScript	apollographql/apollo-client	0c925a4348	eslint	src/utilities/internal/getDirectiveArgValue.ts	21	@typescript-eslint/no-unnecessary-condition	Unnecessary conditional, comparison is always true, since `"StringValue" === "StringValue"` is true.
TypeScript	Open-Dev-Society/OpenStock	391e72d780	eslint	components/OntoLaunchCard.tsx	13	@typescript-eslint/no-empty-function	Unexpected empty arrow function.
TypeScript	Open-Dev-Society/OpenStock	391e72d780	eslint	components/OntoLaunchCard.tsx	35	@next/next/no-img-element	Definition for rule '@next/next/no-img-element' was not found.
TypeScript	Open-Dev-Society/OpenStock	3cf500ad4c	eslint	app/(auth)/sign-up/page.tsx	100	@typescript-eslint/no-unnecessary-condition	Unnecessary conditional, expected left-hand side of `??` operator to be possibly null or undefined.
TypeScript	Open-Dev-Society/OpenStock	3cf500ad4c	eslint	app/(root)/profile/page.tsx	44	@typescript-eslint/no-unnecessary-condition	Unnecessary conditional, expected left-hand side of `??` operator to be possibly null or undefined.
TypeScript	Open-Dev-Society/OpenStock	3cf500ad4c	eslint	app/(root)/profile/page.tsx	44	@typescript-eslint/no-unnecessary-condition	Unnecessary optional chain on a non-nullish value.
TypeScript	Open-Dev-Society/OpenStock	3cf500ad4c	eslint	components/SearchCommand.tsx	84	@typescript-eslint/no-unnecessary-condition	Unnecessary optional chain on a non-nullish value.
TypeScript	Open-Dev-Society/OpenStock	3cf500ad4c	eslint	components/profile/PasswordForm.tsx	49	@typescript-eslint/no-unnecessary-condition	Unnecessary conditional, expected left-hand side of `??` operator to be possibly null or undefined.
TypeScript	Open-Dev-Society/OpenStock	3cf500ad4c	eslint	components/shell/Sidebar.tsx	114	@typescript-eslint/no-unnecessary-condition	Unnecessary conditional, expected left-hand side of `??` operator to be possibly null or undefined.
TypeScript	Open-Dev-Society/OpenStock	3cf500ad4c	eslint	components/shell/Sidebar.tsx	114	@typescript-eslint/no-unnecessary-condition	Unnecessary optional chain on a non-nullish value.
TypeScript	Open-Dev-Society/OpenStock	3cf500ad4c	eslint	components/stocks/StockHeader.tsx	53	@typescript-eslint/no-unnecessary-condition	Unnecessary optional chain on a non-nullish value.
TypeScript	Open-Dev-Society/OpenStock	3cf500ad4c	eslint	database/mongoose.ts	50	no-console	Unexpected console statement.
TypeScript	Open-Dev-Society/OpenStock	3cf500ad4c	eslint	lib/actions/alert.actions.ts	21	@typescript-eslint/no-unnecessary-condition	Unnecessary conditional, expected left-hand side of `??` operator to be possibly null or undefined.
TypeScript	Open-Dev-Society/OpenStock	3cf500ad4c	eslint	lib/actions/auth.actions.ts	68	no-console	Unexpected console statement.
TypeScript	Open-Dev-Society/OpenStock	3cf500ad4c	eslint	lib/actions/finnhub.actions.ts	64	no-console	Unexpected console statement.
TypeScript	Open-Dev-Society/OpenStock	3cf500ad4c	eslint	lib/actions/profile.actions.ts	43	no-console	Unexpected console statement.
TypeScript	Open-Dev-Society/OpenStock	3cf500ad4c	eslint	lib/actions/user.actions.ts	48	no-console	Unexpected console statement.
TypeScript	Open-Dev-Society/OpenStock	3cf500ad4c	eslint	lib/inngest/functions.ts	3	@typescript-eslint/no-unused-vars	'sendNewsSummaryEmail' is defined but never used.
TypeScript	Open-Dev-Society/OpenStock	3cf500ad4c	eslint	lib/inngest/functions.ts	4	@typescript-eslint/no-unused-vars	'getAllUsersForNewsEmail' is defined but never used.
TypeScript	Open-Dev-Society/OpenStock	3cf500ad4c	eslint	lib/inngest/functions.ts	4	@typescript-eslint/no-unused-vars	'getWatchlistSymbolsByEmail' is defined but never used.
TypeScript	Open-Dev-Society/OpenStock	3cf500ad4c	eslint	lib/inngest/functions.ts	40	no-console	Unexpected console statement.
TypeScript	Open-Dev-Society/OpenStock	3cf500ad4c	eslint	lib/inngest/functions.ts	290	@typescript-eslint/no-empty-function	Unexpected empty arrow function.
TypeScript	Open-Dev-Society/OpenStock	3cf500ad4c	eslint	lib/nodemailer/index.ts	108	no-console	Unexpected console statement.
TypeScript	mountain-loop/yaak	7f30253616	eslint	apps/yaak-client/components/EnvironmentEditDialog.tsx	52	@typescript-eslint/no-empty-function	Unexpected empty async arrow function.
TypeScript	mountain-loop/yaak	6c2a18d506	eslint	apps/yaak-client/components/core/Editor/Editor.tsx	484	no-console	Unexpected console statement.
Python	teng-lin/notebooklm-py	af19e326e6	ruff	src/notebooklm/_app/source_fallback.py	63	BLE001	Do not catch blind exception: `Exception`
Python	teng-lin/notebooklm-py	af19e326e6	ruff	tests/unit/app/test_source_fallback.py	166	S105	Possible hardcoded password assigned to: "secret"
Python	teng-lin/notebooklm-py	af19e326e6	ruff	tests/unit/cli/test_source.py	113	S106	Possible hardcoded password assigned to argument: "csrf_token"
Python	kvcache-ai/ktransformers	440df94802	ruff	.github/release/examples/kimi-k25/prepare_kimi_data.py	176	T201	`print` found
Python	huggingface/trl	9fa0abbd29	ruff	trl/trainer/__init__.py	76	F401	`.utils.add_fused_lm_head` imported but unused; consider removing, adding to `__all__`, or using a redundant alias
Python	huggingface/trl	d947c4f509	ruff	tests/test_grpo_trainer.py	3141	ERA001	Found commented-out code
TypeScript	whyour/qinglong	801a71d740	semgrep	cli/src/internal/runtime/context.ts	67	hardcoded-secret	a secret written into source; read it from the environment or a secret store
