Python	huggingface/trl	05ce0987c7	gitleaks	ok	1877	0	0
Python	huggingface/trl	05ce0987c7	ruff	ok	64	0	0
Python	huggingface/trl	05ce0987c7	semgrep	ok	1414	0	0
Python	huggingface/trl	0f23835538	gitleaks	ok	1778	0	0
Python	huggingface/trl	0f23835538	ruff	ok	72	0	0
Python	huggingface/trl	0f23835538	semgrep	ok	1333	0	0
Python	huggingface/trl	2270d95a37	gitleaks	ok	1868	0	0
Python	huggingface/trl	2270d95a37	ruff	ok	73	0	0
Python	huggingface/trl	2270d95a37	semgrep	ok	1426	0	0
Python	huggingface/trl	4688768775	gitleaks	ok	1737	0	0
Python	huggingface/trl	4688768775	ruff	ok	68	0	0
Python	huggingface/trl	4688768775	semgrep	ok	1252	0	0
Python	huggingface/trl	6de4f740b1	gitleaks	ok	2064	0	0
Python	huggingface/trl	6de4f740b1	ruff	ok	70	0	0
Python	huggingface/trl	6de4f740b1	semgrep	ok	1277	0	0
Python	huggingface/trl	9fa0abbd29	gitleaks	ok	1714	0	0
Python	huggingface/trl	9fa0abbd29	ruff	FAIL	71	1	0
Python	huggingface/trl	9fa0abbd29	semgrep	ok	1468	0	0
Python	huggingface/trl	b29d4bea3f	gitleaks	ok	1723	0	0
Python	huggingface/trl	b29d4bea3f	ruff	ok	72	0	0
Python	huggingface/trl	b29d4bea3f	semgrep	ok	1293	0	0
Python	huggingface/trl	d947c4f509	gitleaks	ok	1883	0	0
Python	huggingface/trl	d947c4f509	ruff	FAIL	80	1	0
Python	huggingface/trl	d947c4f509	semgrep	ok	1491	0	0
Python	huggingface/trl	e8f888454c	gitleaks	ok	1862	0	0
Python	huggingface/trl	e8f888454c	ruff	ok	69	0	0
Python	huggingface/trl	e8f888454c	semgrep	ok	1282	0	0
Python	kvcache-ai/ktransformers	105cee4bd1	gitleaks	ok	2618	0	0
Python	kvcache-ai/ktransformers	105cee4bd1	ruff	ok	72	0	0
Python	kvcache-ai/ktransformers	105cee4bd1	semgrep	ok	1335	0	0
Python	kvcache-ai/ktransformers	440df94802	gitleaks	ok	2744	0	0
Python	kvcache-ai/ktransformers	440df94802	ruff	FAIL	72	1	0
Python	kvcache-ai/ktransformers	440df94802	semgrep	ok	1301	0	0
Python	mikf/gallery-dl	01f5dff21f	gitleaks	ok	1432	0	0
Python	mikf/gallery-dl	01f5dff21f	ruff	ok	66	0	0
Python	mikf/gallery-dl	01f5dff21f	semgrep	ok	1258	0	0
Python	mikf/gallery-dl	19a64031b7	gitleaks	ok	1065	0	0
Python	mikf/gallery-dl	19a64031b7	ruff	ok	72	0	0
Python	mikf/gallery-dl	19a64031b7	semgrep	ok	1269	0	0
Python	mikf/gallery-dl	2adf2a8e00	gitleaks	ok	1170	0	0
Python	mikf/gallery-dl	2adf2a8e00	ruff	ok	70	0	0
Python	mikf/gallery-dl	2adf2a8e00	semgrep	ok	1267	0	0
Python	mikf/gallery-dl	4f0abb2606	gitleaks	ok	1147	0	0
Python	mikf/gallery-dl	4f0abb2606	ruff	ok	70	0	0
Python	mikf/gallery-dl	4f0abb2606	semgrep	ok	1239	0	0
Python	mikf/gallery-dl	86047cf67a	gitleaks	ok	1120	0	0
Python	mikf/gallery-dl	86047cf67a	ruff	ok	63	0	0
Python	mikf/gallery-dl	86047cf67a	semgrep	ok	1273	0	0
Python	mikf/gallery-dl	8939a870a1	gitleaks	ok	1286	0	0
Python	mikf/gallery-dl	8939a870a1	ruff	ok	67	0	0
Python	mikf/gallery-dl	8939a870a1	semgrep	ok	1253	0	0
Python	mikf/gallery-dl	8b9a56d6b1	gitleaks	ok	1125	0	0
Python	mikf/gallery-dl	8b9a56d6b1	ruff	ok	68	0	0
Python	mikf/gallery-dl	8b9a56d6b1	semgrep	ok	1245	0	0
Python	mikf/gallery-dl	d93587c8e1	gitleaks	ok	1357	0	0
Python	mikf/gallery-dl	d93587c8e1	ruff	ok	55	0	0
Python	mikf/gallery-dl	d93587c8e1	semgrep	ok	1268	0	0
Python	mikf/gallery-dl	d9eebbea04	gitleaks	ok	1156	0	0
Python	mikf/gallery-dl	d9eebbea04	ruff	ok	62	0	0
Python	mikf/gallery-dl	d9eebbea04	semgrep	ok	1261	0	0
Python	teng-lin/notebooklm-py	2c56ebbee6	gitleaks	ok	27321	0	0
Python	teng-lin/notebooklm-py	2c56ebbee6	ruff	ok	79	0	0
Python	teng-lin/notebooklm-py	2c56ebbee6	semgrep	ok	1322	0	0
Python	teng-lin/notebooklm-py	4d92743240	gitleaks	ok	29347	0	0
Python	teng-lin/notebooklm-py	4d92743240	ruff	ok	94	0	0
Python	teng-lin/notebooklm-py	4d92743240	semgrep	ok	1347	0	0
Python	teng-lin/notebooklm-py	6e80bd3ba3	gitleaks	ok	28655	0	0
Python	teng-lin/notebooklm-py	6e80bd3ba3	ruff	ok	74	0	0
Python	teng-lin/notebooklm-py	6e80bd3ba3	semgrep	ok	1400	0	0
Python	teng-lin/notebooklm-py	af19e326e6	gitleaks	ok	26728	0	0
Python	teng-lin/notebooklm-py	af19e326e6	ruff	FAIL	90	3	0
Python	teng-lin/notebooklm-py	af19e326e6	semgrep	ok	1451	0	0
Python	teng-lin/notebooklm-py	ca86547706	gitleaks	ok	25895	0	0
Python	teng-lin/notebooklm-py	ca86547706	ruff	ok	80	0	0
Python	teng-lin/notebooklm-py	ca86547706	semgrep	ok	1612	0	0
Python	teng-lin/notebooklm-py	cf889298c1	gitleaks	ok	25313	0	0
Python	teng-lin/notebooklm-py	cf889298c1	ruff	ok	81	0	0
Python	teng-lin/notebooklm-py	cf889298c1	semgrep	ok	1329	0	0
TypeScript	Open-Dev-Society/OpenStock	130a69734d	eslint	ok	2583	0	0
TypeScript	Open-Dev-Society/OpenStock	130a69734d	gitleaks	ok	175	0	0
TypeScript	Open-Dev-Society/OpenStock	130a69734d	semgrep	ok	1305	0	0
TypeScript	Open-Dev-Society/OpenStock	391e72d780	eslint	FAIL	3161	2	0
TypeScript	Open-Dev-Society/OpenStock	391e72d780	gitleaks	ok	163	0	0
TypeScript	Open-Dev-Society/OpenStock	391e72d780	semgrep	ok	1262	0	0
TypeScript	Open-Dev-Society/OpenStock	3cf500ad4c	eslint	FAIL	3909	20	0
TypeScript	Open-Dev-Society/OpenStock	3cf500ad4c	gitleaks	ok	218	0	0
TypeScript	Open-Dev-Society/OpenStock	3cf500ad4c	semgrep	ok	1528	0	0
TypeScript	Open-Dev-Society/OpenStock	573f9bac85	eslint	ok	2506	0	0
TypeScript	Open-Dev-Society/OpenStock	573f9bac85	gitleaks	ok	193	0	0
TypeScript	Open-Dev-Society/OpenStock	573f9bac85	semgrep	ok	1235	0	0
TypeScript	Open-Dev-Society/OpenStock	75a9ebb6f5	eslint	ok	2485	0	0
TypeScript	Open-Dev-Society/OpenStock	75a9ebb6f5	gitleaks	ok	166	0	0
TypeScript	Open-Dev-Society/OpenStock	75a9ebb6f5	semgrep	ok	1264	0	0
TypeScript	Open-Dev-Society/OpenStock	87df76a2ce	eslint	ok	2745	0	0
TypeScript	Open-Dev-Society/OpenStock	87df76a2ce	gitleaks	ok	145	0	0
TypeScript	Open-Dev-Society/OpenStock	87df76a2ce	semgrep	ok	1285	0	0
TypeScript	Open-Dev-Society/OpenStock	e844ac413c	eslint	ok	2957	0	0
TypeScript	Open-Dev-Society/OpenStock	e844ac413c	gitleaks	ok	183	0	0
TypeScript	Open-Dev-Society/OpenStock	e844ac413c	semgrep	ok	1320	0	0
TypeScript	apollographql/apollo-client	0c925a4348	eslint	FAIL	12260	67	0
TypeScript	apollographql/apollo-client	0c925a4348	gitleaks	ok	1278	0	0
TypeScript	apollographql/apollo-client	0c925a4348	semgrep	ok	3869	0	0
TypeScript	apollographql/apollo-client	37f700eb4c	eslint	FAIL	4326	3	0
TypeScript	apollographql/apollo-client	37f700eb4c	gitleaks	ok	1285	0	0
TypeScript	apollographql/apollo-client	37f700eb4c	semgrep	ok	1926	0	0
TypeScript	apollographql/apollo-client	54084bc22e	eslint	ok	3127	0	0
TypeScript	apollographql/apollo-client	54084bc22e	gitleaks	ok	1352	0	0
TypeScript	apollographql/apollo-client	54084bc22e	semgrep	ok	1461	0	0
TypeScript	mountain-loop/yaak	0a57d8eb61	eslint	ok	1464	0	0
TypeScript	mountain-loop/yaak	0a57d8eb61	gitleaks	ok	906	0	0
TypeScript	mountain-loop/yaak	0a57d8eb61	semgrep	ok	1313	0	0
TypeScript	mountain-loop/yaak	23d369d84e	eslint	ok	2470	0	0
TypeScript	mountain-loop/yaak	23d369d84e	gitleaks	ok	954	0	0
TypeScript	mountain-loop/yaak	23d369d84e	semgrep	ok	1291	0	0
TypeScript	mountain-loop/yaak	34815f327a	eslint	ok	1572	0	0
TypeScript	mountain-loop/yaak	34815f327a	gitleaks	ok	810	0	0
TypeScript	mountain-loop/yaak	34815f327a	semgrep	ok	1328	0	0
TypeScript	mountain-loop/yaak	411aa262c7	eslint	ok	3004	0	0
TypeScript	mountain-loop/yaak	411aa262c7	gitleaks	ok	802	0	0
TypeScript	mountain-loop/yaak	411aa262c7	semgrep	ok	1259	0	0
TypeScript	mountain-loop/yaak	6c2a18d506	eslint	FAIL	2654	1	0
TypeScript	mountain-loop/yaak	6c2a18d506	gitleaks	ok	925	0	0
TypeScript	mountain-loop/yaak	6c2a18d506	semgrep	ok	1296	0	0
TypeScript	mountain-loop/yaak	6fc43a60e2	eslint	ok	2999	0	0
TypeScript	mountain-loop/yaak	6fc43a60e2	gitleaks	ok	969	0	0
TypeScript	mountain-loop/yaak	6fc43a60e2	semgrep	ok	1301	0	0
TypeScript	mountain-loop/yaak	7f30253616	eslint	FAIL	3015	1	0
TypeScript	mountain-loop/yaak	7f30253616	gitleaks	ok	917	0	0
TypeScript	mountain-loop/yaak	7f30253616	semgrep	ok	1342	0	0
TypeScript	refactoringhq/tolaria	04030c3e0a	eslint	ok	6191	0	0
TypeScript	refactoringhq/tolaria	04030c3e0a	gitleaks	ok	4309	0	0
TypeScript	refactoringhq/tolaria	04030c3e0a	semgrep	ok	1583	0	0
TypeScript	refactoringhq/tolaria	44740e4ae1	eslint	ok	4864	0	0
TypeScript	refactoringhq/tolaria	44740e4ae1	gitleaks	ok	4024	0	0
TypeScript	refactoringhq/tolaria	44740e4ae1	semgrep	ok	1368	0	0
TypeScript	refactoringhq/tolaria	d9e02a1679	eslint	FAIL	4734	1	0
TypeScript	refactoringhq/tolaria	d9e02a1679	gitleaks	ok	4524	0	0
TypeScript	refactoringhq/tolaria	d9e02a1679	semgrep	ok	1391	0	0
TypeScript	refactoringhq/tolaria	f27bd5a33a	eslint	ok	4982	0	0
TypeScript	refactoringhq/tolaria	f27bd5a33a	gitleaks	ok	4333	0	0
TypeScript	refactoringhq/tolaria	f27bd5a33a	semgrep	ok	1377	0	0
TypeScript	whyour/qinglong	44129ca088	eslint	ok	964	0	0
TypeScript	whyour/qinglong	44129ca088	gitleaks	ok	335	0	0
TypeScript	whyour/qinglong	44129ca088	semgrep	ok	1298	0	0
TypeScript	whyour/qinglong	6c487018c2	eslint	ok	3507	0	0
TypeScript	whyour/qinglong	6c487018c2	gitleaks	ok	393	0	0
TypeScript	whyour/qinglong	6c487018c2	semgrep	ok	1301	0	0
TypeScript	whyour/qinglong	801a71d740	eslint	FAIL	2187	23	0
TypeScript	whyour/qinglong	801a71d740	gitleaks	ok	383	0	0
TypeScript	whyour/qinglong	801a71d740	semgrep	FAIL	1546	1	0
TypeScript	whyour/qinglong	a8310e7d51	eslint	ok	1650	0	0
TypeScript	whyour/qinglong	a8310e7d51	gitleaks	ok	351	0	0
TypeScript	whyour/qinglong	a8310e7d51	semgrep	ok	1348	0	0
TypeScript	whyour/qinglong	bf63425805	eslint	ok	1666	0	0
TypeScript	whyour/qinglong	bf63425805	gitleaks	ok	359	0	0
TypeScript	whyour/qinglong	bf63425805	semgrep	ok	1323	0	0
TypeScript	whyour/qinglong	f051135fc4	eslint	ok	1416	0	0
TypeScript	whyour/qinglong	f051135fc4	gitleaks	ok	262	0	0
TypeScript	whyour/qinglong	f051135fc4	semgrep	ok	1280	0	0
TypeScript	whyour/qinglong	f168efcdae	eslint	FAIL	1874	3	0
TypeScript	whyour/qinglong	f168efcdae	gitleaks	ok	362	0	0
TypeScript	whyour/qinglong	f168efcdae	semgrep	ok	1396	0	0
