language	repository	head	gate	file	line	rule	family	label	test	project-off	reason
TypeScript	refactoringhq/tolaria	d9e02a1679	eslint	src/components/FilePreviewContent.tsx	268	@typescript-eslint/no-unnecessary-condition	condition	not-appropriate	-	-	a runtime guard the types cannot see, or a flow-analysis gap
TypeScript	whyour/qinglong	f168efcdae	eslint	back/schedule/addCron.ts	64	@typescript-eslint/no-unnecessary-condition	condition	not-appropriate	-	-	a runtime guard the types cannot see, or a flow-analysis gap
TypeScript	whyour/qinglong	f168efcdae	eslint	back/schedule/addCron.ts	95	@typescript-eslint/no-unnecessary-condition	condition	not-appropriate	-	-	a runtime guard the types cannot see, or a flow-analysis gap
TypeScript	whyour/qinglong	f168efcdae	eslint	back/schedule/client.ts	72	@typescript-eslint/no-unnecessary-condition	condition	not-appropriate	-	-	a runtime guard the types cannot see, or a flow-analysis gap
TypeScript	whyour/qinglong	801a71d740	eslint	back/loaders/deps.ts	86	@typescript-eslint/no-unused-vars	dead	not-appropriate	-	-	a parameter the signature requires or a binding of a handled catch
TypeScript	whyour/qinglong	801a71d740	eslint	back/loaders/deps.ts	86	no-empty	swallowed	not-appropriate	-	-	a best-effort probe or cleanup with a fallback after it
TypeScript	whyour/qinglong	801a71d740	eslint	back/loaders/deps.ts	86	sonarjs/no-ignored-exceptions	swallowed	not-appropriate	-	-	a best-effort probe or cleanup with a fallback after it
TypeScript	whyour/qinglong	801a71d740	eslint	cli/src/entrypoints/ql.ts	157	@typescript-eslint/no-unused-vars	dead	unlabeled	-	-	outside the every-second sample
TypeScript	whyour/qinglong	801a71d740	eslint	cli/src/internal/execution/dependencies.ts	17	@typescript-eslint/no-empty-function	swallowed	not-appropriate	-	-	an intended no-op callback or default
TypeScript	whyour/qinglong	801a71d740	eslint	cli/src/internal/integration/cronEntrypoint.ts	64	@typescript-eslint/no-unnecessary-condition	condition	not-appropriate	-	-	a runtime guard the types cannot see, or a flow-analysis gap
TypeScript	whyour/qinglong	801a71d740	eslint	cli/src/internal/integration/cronEntrypoint.ts	123	no-empty	swallowed	not-appropriate	-	-	a best-effort probe or cleanup with a fallback after it
TypeScript	whyour/qinglong	801a71d740	eslint	cli/src/internal/maintenance/bootstrap.ts	172	@typescript-eslint/no-unnecessary-condition	condition	not-appropriate	-	-	a runtime guard the types cannot see, or a flow-analysis gap
TypeScript	whyour/qinglong	801a71d740	eslint	cli/src/internal/maintenance/bot.ts	94	@typescript-eslint/no-unnecessary-condition	condition	not-appropriate	-	-	a runtime guard the types cannot see, or a flow-analysis gap
TypeScript	whyour/qinglong	801a71d740	eslint	cli/src/internal/runtime/api.ts	47	@typescript-eslint/no-empty-function	swallowed	not-appropriate	-	-	an intended no-op callback or default
TypeScript	whyour/qinglong	801a71d740	eslint	cli/src/internal/runtime/containerEnvironment.ts	30	@typescript-eslint/no-unnecessary-condition	condition	not-appropriate	-	-	a runtime guard the types cannot see, or a flow-analysis gap
TypeScript	whyour/qinglong	801a71d740	eslint	cli/src/internal/runtime/containerEnvironment.ts	32	@typescript-eslint/no-unnecessary-condition	condition	not-appropriate	-	-	a runtime guard the types cannot see, or a flow-analysis gap
TypeScript	whyour/qinglong	801a71d740	eslint	cli/src/internal/runtime/containerEnvironment.ts	36	@typescript-eslint/no-empty-function	swallowed	not-appropriate	-	-	an intended no-op callback or default
TypeScript	whyour/qinglong	801a71d740	eslint	cli/src/internal/runtime/containerEnvironment.ts	45	@typescript-eslint/no-unnecessary-condition	condition	not-appropriate	-	-	a runtime guard the types cannot see, or a flow-analysis gap
TypeScript	whyour/qinglong	801a71d740	eslint	cli/src/internal/runtime/containerRuntime.ts	134	@typescript-eslint/no-empty-function	swallowed	not-appropriate	-	-	an intended no-op callback or default
TypeScript	whyour/qinglong	801a71d740	eslint	cli/src/internal/runtime/hostServices.ts	14	@typescript-eslint/no-unnecessary-condition	condition	not-appropriate	-	-	a runtime guard the types cannot see, or a flow-analysis gap
TypeScript	whyour/qinglong	801a71d740	eslint	cli/src/internal/runtime/lifecycle.ts	24	no-empty	swallowed	not-appropriate	-	-	a best-effort probe or cleanup with a fallback after it
TypeScript	whyour/qinglong	801a71d740	eslint	cli/src/internal/subscription/subscriptionRunner.ts	132	@typescript-eslint/no-unnecessary-condition	condition	not-appropriate	-	-	a runtime guard the types cannot see, or a flow-analysis gap
TypeScript	whyour/qinglong	801a71d740	eslint	cli/src/remote/auth/store.ts	28	@typescript-eslint/no-unnecessary-condition	condition	not-appropriate	-	-	a runtime guard the types cannot see, or a flow-analysis gap
TypeScript	whyour/qinglong	801a71d740	eslint	cli/src/remote/commands/open.ts	102	@typescript-eslint/no-unnecessary-condition	condition	not-appropriate	-	-	a runtime guard the types cannot see, or a flow-analysis gap
TypeScript	whyour/qinglong	801a71d740	eslint	cli/src/shared/cli/arguments.ts	48	@typescript-eslint/no-empty-function	swallowed	not-appropriate	-	-	an intended no-op callback or default
TypeScript	whyour/qinglong	801a71d740	eslint	cli/src/shared/cli/options.ts	17	@typescript-eslint/no-empty-function	swallowed	not-appropriate	-	-	an intended no-op callback or default
TypeScript	whyour/qinglong	801a71d740	eslint	cli/src/shared/cli/options.ts	17	@typescript-eslint/no-empty-function	swallowed	not-appropriate	-	-	an intended no-op callback or default
TypeScript	apollographql/apollo-client	37f700eb4c	eslint	src/react/hooks/__tests__/useLazyQuery.test.tsx	2514	@typescript-eslint/no-unused-vars	dead	not-appropriate	test	-	a disposable, a type assertion or a test binding used for its effect
TypeScript	apollographql/apollo-client	37f700eb4c	eslint	src/react/hooks/__tests__/useQuery.test.tsx	344	@typescript-eslint/no-unused-vars	dead	unlabeled	test	-	outside the every-second sample
TypeScript	apollographql/apollo-client	37f700eb4c	eslint	src/react/hooks/useLazyQuery.ts	496	@typescript-eslint/no-empty-function	swallowed	not-appropriate	-	-	an intended no-op callback or default
TypeScript	apollographql/apollo-client	0c925a4348	eslint	integration-tests/type-tests/cacheOverride/invalid/index.ts	2	@typescript-eslint/no-unused-vars	dead	appropriate	-	-	an import the file never uses
TypeScript	apollographql/apollo-client	0c925a4348	eslint	integration-tests/type-tests/customScalars/all-any/differentTypes/index.ts	94	@typescript-eslint/no-unused-vars	dead	unlabeled	-	-	outside the every-second sample
TypeScript	apollographql/apollo-client	0c925a4348	eslint	integration-tests/type-tests/customScalars/all-any/empty/index.ts	76	@typescript-eslint/no-unused-vars	dead	not-appropriate	-	-	a disposable, a type assertion or a test binding used for its effect
TypeScript	apollographql/apollo-client	0c925a4348	eslint	integration-tests/type-tests/customScalars/all-any/matchingTypes/index.ts	116	@typescript-eslint/no-unused-vars	dead	unlabeled	-	-	outside the every-second sample
TypeScript	apollographql/apollo-client	0c925a4348	eslint	integration-tests/type-tests/customScalars/all-structured/empty/index.ts	74	@typescript-eslint/no-unused-vars	dead	not-appropriate	-	-	a disposable, a type assertion or a test binding used for its effect
TypeScript	apollographql/apollo-client	0c925a4348	eslint	integration-tests/type-tests/customScalars/all-structured/matchingTypes/index.ts	82	@typescript-eslint/no-unused-vars	dead	unlabeled	-	-	outside the every-second sample
TypeScript	apollographql/apollo-client	0c925a4348	eslint	integration-tests/type-tests/customScalars/all-unknown/differentTypes/index.ts	95	@typescript-eslint/no-unused-vars	dead	not-appropriate	-	-	a disposable, a type assertion or a test binding used for its effect
TypeScript	apollographql/apollo-client	0c925a4348	eslint	integration-tests/type-tests/customScalars/all-unknown/empty/index.ts	77	@typescript-eslint/no-unused-vars	dead	unlabeled	-	-	outside the every-second sample
TypeScript	apollographql/apollo-client	0c925a4348	eslint	integration-tests/type-tests/customScalars/all-unknown/matchingTypes/index.ts	118	@typescript-eslint/no-unused-vars	dead	not-appropriate	-	-	a disposable, a type assertion or a test binding used for its effect
TypeScript	apollographql/apollo-client	0c925a4348	eslint	integration-tests/type-tests/customScalars/differentTypes/index.ts	111	@typescript-eslint/no-unused-vars	dead	unlabeled	-	-	outside the every-second sample
TypeScript	apollographql/apollo-client	0c925a4348	eslint	integration-tests/type-tests/customScalars/matchingTypes/index.ts	103	@typescript-eslint/no-unused-vars	dead	not-appropriate	-	-	a disposable, a type assertion or a test binding used for its effect
TypeScript	apollographql/apollo-client	0c925a4348	eslint	integration-tests/type-tests/fromOptionValue/override/index.ts	47	@typescript-eslint/no-unused-vars	dead	unlabeled	-	-	outside the every-second sample
TypeScript	apollographql/apollo-client	0c925a4348	eslint	integration-tests/type-tests/fromOptionValue/override/index.ts	49	@typescript-eslint/no-unused-vars	dead	not-appropriate	-	-	a disposable, a type assertion or a test binding used for its effect
TypeScript	apollographql/apollo-client	0c925a4348	eslint	integration-tests/type-tests/fromOptionValue/override/index.ts	51	@typescript-eslint/no-unused-vars	dead	unlabeled	-	-	outside the every-second sample
TypeScript	apollographql/apollo-client	0c925a4348	eslint	integration-tests/type-tests/fromOptionValue/override/index.ts	53	@typescript-eslint/no-unused-vars	dead	not-appropriate	-	-	a disposable, a type assertion or a test binding used for its effect
TypeScript	apollographql/apollo-client	0c925a4348	eslint	integration-tests/type-tests/fromOptionValue/override/index.ts	66	@typescript-eslint/no-unused-vars	dead	unlabeled	-	-	outside the every-second sample
TypeScript	apollographql/apollo-client	0c925a4348	eslint	integration-tests/type-tests/fromOptionValue/override/index.ts	67	@typescript-eslint/no-unused-vars	dead	not-appropriate	-	-	a disposable, a type assertion or a test binding used for its effect
TypeScript	apollographql/apollo-client	0c925a4348	eslint	integration-tests/type-tests/fromOptionValue/override/index.ts	68	@typescript-eslint/no-unused-vars	dead	unlabeled	-	-	outside the every-second sample
TypeScript	apollographql/apollo-client	0c925a4348	eslint	integration-tests/type-tests/fromOptionValue/override/index.ts	69	@typescript-eslint/no-unused-vars	dead	not-appropriate	-	-	a disposable, a type assertion or a test binding used for its effect
TypeScript	apollographql/apollo-client	0c925a4348	eslint	integration-tests/type-tests/fromOptionValue/override/index.ts	70	@typescript-eslint/no-unused-vars	dead	unlabeled	-	-	outside the every-second sample
TypeScript	apollographql/apollo-client	0c925a4348	eslint	integration-tests/type-tests/fromOptionValue/override/index.ts	74	@typescript-eslint/no-unused-vars	dead	not-appropriate	-	-	a disposable, a type assertion or a test binding used for its effect
TypeScript	apollographql/apollo-client	0c925a4348	eslint	src/cache/core/__tests__/cache.ts	378	@typescript-eslint/no-unused-vars	dead	unlabeled	test	-	outside the every-second sample
TypeScript	apollographql/apollo-client	0c925a4348	eslint	src/cache/core/cache.ts	328	@typescript-eslint/no-unused-vars	dead	not-appropriate	-	-	a parameter the signature requires or a binding of a handled catch
TypeScript	apollographql/apollo-client	0c925a4348	eslint	src/cache/core/cache.ts	335	@typescript-eslint/no-unused-vars	dead	unlabeled	-	-	outside the every-second sample
TypeScript	apollographql/apollo-client	0c925a4348	eslint	src/cache/core/cache.ts	336	@typescript-eslint/no-unused-vars	dead	not-appropriate	-	-	a parameter the signature requires or a binding of a handled catch
TypeScript	apollographql/apollo-client	0c925a4348	eslint	src/cache/inmemory/__tests__/cache.diff/incremental.test.ts	229	@typescript-eslint/no-unused-vars	dead	unlabeled	test	-	outside the every-second sample
TypeScript	apollographql/apollo-client	0c925a4348	eslint	src/cache/inmemory/__tests__/scalars.ts	808	@typescript-eslint/no-unused-vars	dead	not-appropriate	test	-	a disposable, a type assertion or a test binding used for its effect
TypeScript	apollographql/apollo-client	0c925a4348	eslint	src/cache/inmemory/__tests__/scalars.ts	850	no-console	debug	not-appropriate	test	-	a test asserts on console.warn
TypeScript	apollographql/apollo-client	0c925a4348	eslint	src/cache/inmemory/__tests__/variablesSerialization.ts	72	@typescript-eslint/no-unnecessary-condition	condition	not-appropriate	test	-	a runtime guard the types cannot see, or a flow-analysis gap
TypeScript	apollographql/apollo-client	0c925a4348	eslint	src/cache/inmemory/__tests__/variablesSerialization.ts	310	@typescript-eslint/no-unused-vars	dead	unlabeled	test	-	outside the every-second sample
TypeScript	apollographql/apollo-client	0c925a4348	eslint	src/cache/inmemory/__tests__/variablesSerialization.ts	330	no-console	debug	not-appropriate	test	-	a test asserts on console.warn
TypeScript	apollographql/apollo-client	0c925a4348	eslint	src/cache/inmemory/entityStore.ts	421	@typescript-eslint/no-unnecessary-condition	condition	appropriate	-	-	storeObject is already checked by the && on the line above
TypeScript	apollographql/apollo-client	0c925a4348	eslint	src/cache/inmemory/entityStore.ts	472	@typescript-eslint/no-unnecessary-condition	condition	not-appropriate	-	-	a runtime guard the types cannot see, or a flow-analysis gap
TypeScript	apollographql/apollo-client	0c925a4348	eslint	src/cache/inmemory/inMemoryCache.ts	368	@typescript-eslint/no-unnecessary-condition	condition	not-appropriate	-	-	a runtime guard the types cannot see, or a flow-analysis gap
TypeScript	apollographql/apollo-client	0c925a4348	eslint	src/cache/inmemory/readFromStore.ts	541	@typescript-eslint/no-unnecessary-condition	condition	appropriate	-	-	objectOrReference is a non-null parameter on this path
TypeScript	apollographql/apollo-client	0c925a4348	eslint	src/cache/inmemory/readFromStore.ts	918	@typescript-eslint/no-unnecessary-condition	condition	not-appropriate	-	-	a runtime guard the types cannot see, or a flow-analysis gap
TypeScript	apollographql/apollo-client	0c925a4348	eslint	src/core/__tests__/ApolloClient/general.test.ts	2881	@typescript-eslint/no-unused-vars	dead	not-appropriate	test	-	a disposable, a type assertion or a test binding used for its effect
TypeScript	apollographql/apollo-client	0c925a4348	eslint	src/core/__tests__/ApolloClient/general.test.ts	3116	no-console	debug	not-appropriate	test	-	a test asserts on console.warn
TypeScript	apollographql/apollo-client	0c925a4348	eslint	src/core/__tests__/client.watchQuery/customScalars.test.ts	1980	@typescript-eslint/no-unused-vars	dead	unlabeled	test	-	outside the every-second sample
TypeScript	apollographql/apollo-client	0c925a4348	eslint	src/core/__tests__/client.watchQuery/deferGraphQL17Alpha9.test.ts	423	@typescript-eslint/no-unused-vars	dead	not-appropriate	test	-	a disposable, a type assertion or a test binding used for its effect
TypeScript	apollographql/apollo-client	0c925a4348	eslint	src/core/__tests__/client.watchQuery/deferGraphQL17Alpha9.test.ts	531	@typescript-eslint/no-unused-vars	dead	unlabeled	test	-	outside the every-second sample
TypeScript	apollographql/apollo-client	0c925a4348	eslint	src/core/__tests__/client.watchQuery/streamGraphQL17Alpha9.test.ts	2393	@typescript-eslint/no-unused-vars	dead	not-appropriate	test	-	a disposable, a type assertion or a test binding used for its effect
TypeScript	apollographql/apollo-client	0c925a4348	eslint	src/core/__tests__/client.watchQuery/streamGraphQL17Alpha9.test.ts	2656	@typescript-eslint/no-unused-vars	dead	unlabeled	test	-	outside the every-second sample
TypeScript	apollographql/apollo-client	0c925a4348	eslint	src/core/__tests__/incompleteCacheReadWarning.test.ts	456	no-console	debug	not-appropriate	test	-	a test asserts on console.warn
TypeScript	apollographql/apollo-client	0c925a4348	eslint	src/incremental/__benches__/types.bench.ts	20	@typescript-eslint/no-unused-vars	dead	not-appropriate	-	-	a disposable, a type assertion or a test binding used for its effect
TypeScript	apollographql/apollo-client	0c925a4348	eslint	src/incremental/handlers/defer20220824.ts	214	@typescript-eslint/no-unused-vars	dead	unlabeled	-	-	outside the every-second sample
TypeScript	apollographql/apollo-client	0c925a4348	eslint	src/incremental/handlers/graphql17Alpha9.ts	375	@typescript-eslint/no-unused-vars	dead	not-appropriate	-	-	a parameter the signature requires or a binding of a handled catch
TypeScript	apollographql/apollo-client	0c925a4348	eslint	src/react/hooks/__tests__/useBackgroundQuery/customScalars.test.tsx	40	@typescript-eslint/no-unused-vars	dead	unlabeled	test	-	outside the every-second sample
TypeScript	apollographql/apollo-client	0c925a4348	eslint	src/react/hooks/__tests__/useFragment/customScalars.test.tsx	44	@typescript-eslint/no-unused-vars	dead	not-appropriate	test	-	a disposable, a type assertion or a test binding used for its effect
TypeScript	apollographql/apollo-client	0c925a4348	eslint	src/react/hooks/__tests__/useLazyQuery/customScalars.test.tsx	43	@typescript-eslint/no-unused-vars	dead	unlabeled	test	-	outside the every-second sample
TypeScript	apollographql/apollo-client	0c925a4348	eslint	src/react/hooks/__tests__/useLoadableQuery/customScalars.test.tsx	40	@typescript-eslint/no-unused-vars	dead	not-appropriate	test	-	a disposable, a type assertion or a test binding used for its effect
TypeScript	apollographql/apollo-client	0c925a4348	eslint	src/react/hooks/__tests__/useMutation/customScalars.test.tsx	45	@typescript-eslint/no-unused-vars	dead	unlabeled	test	-	outside the every-second sample
TypeScript	apollographql/apollo-client	0c925a4348	eslint	src/react/hooks/__tests__/useQuery/customScalars.test.tsx	43	@typescript-eslint/no-unused-vars	dead	not-appropriate	test	-	a disposable, a type assertion or a test binding used for its effect
TypeScript	apollographql/apollo-client	0c925a4348	eslint	src/react/hooks/__tests__/useQueryRefHandlers/customScalars.test.tsx	101	@typescript-eslint/no-unused-vars	dead	unlabeled	test	-	outside the every-second sample
TypeScript	apollographql/apollo-client	0c925a4348	eslint	src/react/hooks/__tests__/useSubscription.test.tsx	482	@typescript-eslint/no-unused-vars	dead	not-appropriate	test	-	a disposable, a type assertion or a test binding used for its effect
TypeScript	apollographql/apollo-client	0c925a4348	eslint	src/react/hooks/__tests__/useSubscription.test.tsx	485	@typescript-eslint/no-unused-vars	dead	unlabeled	test	-	outside the every-second sample
TypeScript	apollographql/apollo-client	0c925a4348	eslint	src/react/hooks/__tests__/useSubscription/customScalars.test.tsx	33	@typescript-eslint/no-unused-vars	dead	not-appropriate	test	-	a disposable, a type assertion or a test binding used for its effect
TypeScript	apollographql/apollo-client	0c925a4348	eslint	src/react/hooks/__tests__/useSuspenseFragment/customScalars.test.tsx	44	@typescript-eslint/no-unused-vars	dead	unlabeled	test	-	outside the every-second sample
TypeScript	apollographql/apollo-client	0c925a4348	eslint	src/react/hooks/__tests__/useSuspenseQuery/customScalars.test.tsx	42	@typescript-eslint/no-unused-vars	dead	not-appropriate	test	-	a disposable, a type assertion or a test binding used for its effect
TypeScript	apollographql/apollo-client	0c925a4348	eslint	src/react/hooks/__tests__/useSuspenseQuery/streamGraphQL17Alpha9.test.tsx	1578	@typescript-eslint/no-unused-vars	dead	unlabeled	test	-	outside the every-second sample
TypeScript	apollographql/apollo-client	0c925a4348	eslint	src/react/hooks/__tests__/useSuspenseQuery/streamGraphQL17Alpha9.test.tsx	1597	@typescript-eslint/no-unused-vars	dead	not-appropriate	test	-	a disposable, a type assertion or a test binding used for its effect
TypeScript	apollographql/apollo-client	0c925a4348	eslint	src/react/hooks/__tests__/useSuspenseQuery/streamGraphQL17Alpha9.test.tsx	1615	@typescript-eslint/no-unused-vars	dead	unlabeled	test	-	outside the every-second sample
TypeScript	apollographql/apollo-client	0c925a4348	eslint	src/react/query-preloader/__tests__/createQueryPreloader/customScalars.test.tsx	41	@typescript-eslint/no-unused-vars	dead	not-appropriate	test	-	a disposable, a type assertion or a test binding used for its effect
TypeScript	apollographql/apollo-client	0c925a4348	eslint	src/utilities/internal/__tests__/coerceScalarFieldsToParsed.test.ts	535	@typescript-eslint/no-unused-vars	dead	unlabeled	test	-	outside the every-second sample
TypeScript	apollographql/apollo-client	0c925a4348	eslint	src/utilities/internal/__tests__/coerceScalarFieldsToParsed.test.ts	573	no-console	debug	not-appropriate	test	-	a test asserts on console.warn
TypeScript	apollographql/apollo-client	0c925a4348	eslint	src/utilities/internal/coerceScalarFieldsToParsed.ts	46	@typescript-eslint/no-unnecessary-condition	condition	not-appropriate	-	-	a runtime guard the types cannot see, or a flow-analysis gap
TypeScript	apollographql/apollo-client	0c925a4348	eslint	src/utilities/internal/getDirectiveArgValue.ts	21	@typescript-eslint/no-unnecessary-condition	condition	not-appropriate	-	-	a runtime guard the types cannot see, or a flow-analysis gap
TypeScript	Open-Dev-Society/OpenStock	391e72d780	eslint	components/OntoLaunchCard.tsx	13	@typescript-eslint/no-empty-function	swallowed	not-appropriate	-	-	an intended no-op callback or default
TypeScript	Open-Dev-Society/OpenStock	391e72d780	eslint	components/OntoLaunchCard.tsx	35	@next/next/no-img-element	config	not-appropriate	-	-	the project's own directive names a rule the recipe does not load
TypeScript	Open-Dev-Society/OpenStock	3cf500ad4c	eslint	app/(auth)/sign-up/page.tsx	100	@typescript-eslint/no-unnecessary-condition	condition	not-appropriate	-	-	a runtime guard the types cannot see, or a flow-analysis gap
TypeScript	Open-Dev-Society/OpenStock	3cf500ad4c	eslint	app/(root)/profile/page.tsx	44	@typescript-eslint/no-unnecessary-condition	condition	not-appropriate	-	-	a runtime guard the types cannot see, or a flow-analysis gap
TypeScript	Open-Dev-Society/OpenStock	3cf500ad4c	eslint	app/(root)/profile/page.tsx	44	@typescript-eslint/no-unnecessary-condition	condition	not-appropriate	-	-	a runtime guard the types cannot see, or a flow-analysis gap
TypeScript	Open-Dev-Society/OpenStock	3cf500ad4c	eslint	components/SearchCommand.tsx	84	@typescript-eslint/no-unnecessary-condition	condition	appropriate	-	-	displayStocks is always an array here
TypeScript	Open-Dev-Society/OpenStock	3cf500ad4c	eslint	components/profile/PasswordForm.tsx	49	@typescript-eslint/no-unnecessary-condition	condition	not-appropriate	-	-	a runtime guard the types cannot see, or a flow-analysis gap
TypeScript	Open-Dev-Society/OpenStock	3cf500ad4c	eslint	components/shell/Sidebar.tsx	114	@typescript-eslint/no-unnecessary-condition	condition	not-appropriate	-	-	a runtime guard the types cannot see, or a flow-analysis gap
TypeScript	Open-Dev-Society/OpenStock	3cf500ad4c	eslint	components/shell/Sidebar.tsx	114	@typescript-eslint/no-unnecessary-condition	condition	not-appropriate	-	-	a runtime guard the types cannot see, or a flow-analysis gap
TypeScript	Open-Dev-Society/OpenStock	3cf500ad4c	eslint	components/stocks/StockHeader.tsx	53	@typescript-eslint/no-unnecessary-condition	condition	appropriate	-	-	quote?.h repeats a chain that quote?.l already guards
TypeScript	Open-Dev-Society/OpenStock	3cf500ad4c	eslint	database/mongoose.ts	50	no-console	debug	not-appropriate	-	-	operational server or error logging, not a debug print
TypeScript	Open-Dev-Society/OpenStock	3cf500ad4c	eslint	lib/actions/alert.actions.ts	21	@typescript-eslint/no-unnecessary-condition	condition	not-appropriate	-	-	a runtime guard the types cannot see, or a flow-analysis gap
TypeScript	Open-Dev-Society/OpenStock	3cf500ad4c	eslint	lib/actions/auth.actions.ts	68	no-console	debug	not-appropriate	-	-	operational server or error logging, not a debug print
TypeScript	Open-Dev-Society/OpenStock	3cf500ad4c	eslint	lib/actions/finnhub.actions.ts	64	no-console	debug	not-appropriate	-	-	operational server or error logging, not a debug print
TypeScript	Open-Dev-Society/OpenStock	3cf500ad4c	eslint	lib/actions/profile.actions.ts	43	no-console	debug	not-appropriate	-	-	operational server or error logging, not a debug print
TypeScript	Open-Dev-Society/OpenStock	3cf500ad4c	eslint	lib/actions/user.actions.ts	48	no-console	debug	not-appropriate	-	-	operational server or error logging, not a debug print
TypeScript	Open-Dev-Society/OpenStock	3cf500ad4c	eslint	lib/inngest/functions.ts	3	@typescript-eslint/no-unused-vars	dead	appropriate	-	-	an import the change left unused
TypeScript	Open-Dev-Society/OpenStock	3cf500ad4c	eslint	lib/inngest/functions.ts	4	@typescript-eslint/no-unused-vars	dead	unlabeled	-	-	outside the every-second sample
TypeScript	Open-Dev-Society/OpenStock	3cf500ad4c	eslint	lib/inngest/functions.ts	4	@typescript-eslint/no-unused-vars	dead	appropriate	-	-	an import the change left unused
TypeScript	Open-Dev-Society/OpenStock	3cf500ad4c	eslint	lib/inngest/functions.ts	40	no-console	debug	not-appropriate	-	-	operational server or error logging, not a debug print
TypeScript	Open-Dev-Society/OpenStock	3cf500ad4c	eslint	lib/inngest/functions.ts	290	@typescript-eslint/no-empty-function	swallowed	appropriate	-	-	the release of an alert claim drops a failed update with no reason
TypeScript	Open-Dev-Society/OpenStock	3cf500ad4c	eslint	lib/nodemailer/index.ts	108	no-console	debug	not-appropriate	-	-	operational server or error logging, not a debug print
TypeScript	mountain-loop/yaak	7f30253616	eslint	apps/yaak-client/components/EnvironmentEditDialog.tsx	52	@typescript-eslint/no-empty-function	swallowed	not-appropriate	-	-	an intended no-op callback or default
TypeScript	mountain-loop/yaak	6c2a18d506	eslint	apps/yaak-client/components/core/Editor/Editor.tsx	484	no-console	debug	not-appropriate	-	-	operational server or error logging, not a debug print
Python	teng-lin/notebooklm-py	af19e326e6	ruff	src/notebooklm/_app/source_fallback.py	63	BLE001	swallowed	not-appropriate	-	-	a documented best-effort fallback that logs
Python	teng-lin/notebooklm-py	af19e326e6	ruff	tests/unit/app/test_source_fallback.py	166	S105	secrets	not-appropriate	test	-	a test value, not a credential
Python	teng-lin/notebooklm-py	af19e326e6	ruff	tests/unit/cli/test_source.py	113	S106	secrets	not-appropriate	test	-	a test value, not a credential
Python	kvcache-ai/ktransformers	440df94802	ruff	.github/release/examples/kimi-k25/prepare_kimi_data.py	176	T201	debug	not-appropriate	-	-	a script's intended output
Python	huggingface/trl	9fa0abbd29	ruff	trl/trainer/__init__.py	76	F401	dead	not-appropriate	-	project-off	a re-export in a package __init__
Python	huggingface/trl	d947c4f509	ruff	tests/test_grpo_trainer.py	3141	ERA001	dead	not-appropriate	test	-	a comment that explains data, not code
TypeScript	whyour/qinglong	801a71d740	semgrep	cli/src/internal/runtime/context.ts	67	hardcoded-secret	secrets	not-appropriate	-	-	a map of names to config file paths
