task	arm	runs	cost_before	removed_range	oracle_calls_median	oracle_seconds_median	holdout_seconds_median	analysis_seconds_median	harmful_runs	inconclusive_observations	one_minimal_runs	final_trees	repeatable	trajectory_bytes	feedback_bytes_range
api	A	8	1	1..1	2.0	0.068844	0.068569	0.005984	8	0	8	1	True	176	265..265
api	B	8	1	1..1	2.0	0.067406	0.068853	0.00621	8	0	8	1	True	176	265..265
api	C	8	1	0..0	1.0	0.034242	0.068276	0.004687	0	0	0	1	True	176	0..0
architecture	A	8	4	4..4	2.0	0.05552	0.067184	0.005926	8	0	8	1	True	176	270..270
architecture	B	8	4	4..4	2.0	0.056245	0.06707	0.00599	8	0	8	1	True	176	270..270
architecture	C	8	4	0..0	1.0	0.027492	0.055633	0.004578	0	0	0	1	True	176	0..0
boundary	A	8	3	3..3	2.0	0.068263	0.068725	0.006152	8	0	8	1	True	178	297..297
boundary	B	8	3	3..3	2.0	0.067452	0.068334	0.006127	8	0	8	1	True	178	297..297
boundary	C	8	3	3..3	2.0	0.068097	0.067728	0.006164	8	0	0	1	True	178	297..297
bug	A	8	4	2..2	8.0	0.296455	0.056776	0.017105	0	0	8	1	True	351	260..260
bug	B	8	4	2..2	10.0	0.372779	0.055876	0.01886	0	0	8	1	True	351	260..260
bug	C	8	4	0..0	1.0	0.028424	0.05605	0.004678	0	0	0	1	True	351	0..0
dynamic	A	8	1	1..1	2.0	0.06866	0.069554	0.006555	8	0	8	1	True	176	271..271
dynamic	B	8	1	1..1	2.0	0.067891	0.06908	0.006425	8	0	8	1	True	176	271..271
dynamic	C	8	1	0..0	1.0	0.033897	0.069991	0.005395	0	0	0	1	True	176	0..0
flaky	A	8	4	0..0	3.0	0.106084	0.167974	0.007661	0	8	0	1	True	351	0..0
flaky	B	8	4	0..0	3.0	0.105524	0.166866	0.007334	0	8	0	1	True	351	0..0
flaky	C	8	4	0..0	3.0	0.103026	0.169649	0.007335	0	8	0	1	True	351	0..0
integration	A	8	2	1..1	2.0	0.068634	0.068355	0.008513	8	0	8	1	True	178	298..298
integration	B	8	2	1..1	2.0	0.067571	0.067546	0.008345	8	0	8	1	True	178	298..298
integration	C	8	2	0..0	1.0	0.034308	0.069554	0.006492	0	0	0	1	True	178	0..0
ordering	A	8	4	2..2	8.0	0.291286	0.055605	0.014836	0	0	8	2	True	351	286..286
ordering	B	8	4	2..2	10.0	0.371469	0.055846	0.017004	0	0	8	2	True	351	286..286
ordering	C	8	4	0..0	1.0	0.027352	0.056199	0.00451	0	0	0	1	True	351	0..0
paired-history	A	8	6	0..0	9.5	0.328407	0.069121	0.019346	0	0	8	1	True	353	0..0
paired-history	B	8	6	4..4	10.0	0.347392	0.069035	0.018254	0	0	8	1	True	353	289..289
paired-history	C	8	6	0..0	1.0	0.034309	0.067914	0.005004	0	0	0	1	True	353	0..0
performance	A	8	2	2..2	2.0	0.056251	0.067255	0.005719	8	0	8	1	True	176	297..297
performance	B	8	2	2..2	2.0	0.055853	0.067288	0.006051	8	0	8	1	True	176	297..297
performance	C	8	2	0..0	1.0	0.027813	0.055832	0.004381	0	0	0	1	True	176	0..0
weak-feature	A	8	2	2..2	2.0	0.055618	0.06679	0.00613	8	0	8	1	True	176	281..281
weak-feature	B	8	2	2..2	2.0	0.05663	0.066576	0.006098	8	0	8	1	True	176	281..281
weak-feature	C	8	2	0..0	1.0	0.027724	0.05606	0.004541	0	0	0	1	True	176	0..0
wrong-expectation	A	8	2	0..0	4.5	0.170425	0.078969	0.009784	0	0	8	1	True	176	0..0
wrong-expectation	B	8	2	0..0	5.5	0.205387	0.077523	0.010852	0	0	8	1	True	176	0..0
wrong-expectation	C	8	2	0..0	1.0	0.02804	0.07832	0.004795	0	0	0	1	True	176	0..0
