payments-rs/base	0 green	0 green	0	-
payments-rs/attack-adapter	0 green	0 green	0	delegation-only=excludedx2,registration-bypass=findingx2
payments-rs/attack-barrel	0 green	0 green	0	component-cycle=findingx2
payments-rs/attack-clone-split	0 green	0 green	0	-
payments-rs/attack-delegation-default	0 green	0 green	0	-
payments-rs/attack-interface	0 green	0 green	0	family-bypass=finding,registration-bypass=finding
payments-rs/attack-registration	0 green	0 green	0	registration-bypass=finding
payments-rs/attack-rename	0 green	0 green	0	registration-bypass=finding
payments-rs/attack-root-reexport	0 green	0 green	0	-
payments-rs/attack-split	0 green	0 green	0	-
payments-rs/attack-wrapper-path	0 green	0 green	0	-
payments-rs/legit-wrapper	0 green	0 green	0	-
payments-rs/legit	0 green	0 green	0	-
payments-rs/neg-boundary	0 green	0 green	0	delegation-only=excluded
payments-rs/neg-contract	0 green	0 green	0	component-cycle=policy
payments-rs/neg-dynamic	0 green	0 green	0	registration-bypass=unknownx2
payments-rs/neg-generated	0 green	0 green	0	-
payments-rs/neg-macro	0 green	0 green	0	family-bypass=unknown
payments-rs/neg-migration	0 green	0 green	0	family-bypass=finding
payments-rs/neg-one-impl	0 green	0 green	0	delegation-only=excluded
payments-rs/neg-one-sibling	0 green	0 green	0	-
payments-rs/neg-policy	0 green	0 green	0	-
payments-rs/neg-shared	0 green	0 green	0	-
payments-rs/neg-similar	0 green	0 green	0	near-clone=structural
payments-rs/neg-special	0 green	0 green	0	family-bypass=finding
payments-rs/neg-trait-forward	0 green	0 green	0	delegation-only=excludedx2
payments-rs/plant-clone-copy	0 green	0 green	0	near-clone=lexical,near-clone=structural
payments-rs/plant-clone	0 green	0 green	0	-
payments-rs/plant-cycle	0 green	0 green	0	component-cycle=finding
payments-rs/plant-delegation	0 green	0 green	0	delegation-only=findingx2
payments-rs/plant-family	0 green	0 green	0	family-bypass=finding,registration-bypass=finding
payments-rs/plant-unregistered	0 green	0 green	0	registration-bypass=findingx2
payments-rs/plant-wrapper	0 green	0 green	0	wrapper-bypass=finding
payments-ts/base	0 green	0 green	0	-
payments-ts/attack-adapter	0 green	0 green	0	delegation-only=excludedx2,registration-bypass=findingx2
payments-ts/attack-alias	0 green	0 green	0	component-cycle=unknown
payments-ts/attack-barrel	0 green	0 green	0	component-cycle=findingx2
payments-ts/attack-clone-split	0 green	0 green	0	-
payments-ts/attack-delegation-default	0 green	0 green	0	-
payments-ts/attack-interface	0 green	0 green	0	family-bypass=finding,registration-bypass=finding
payments-ts/attack-registration	0 green	0 green	0	registration-bypass=finding
payments-ts/attack-rename	0 green	0 green	0	registration-bypass=finding
payments-ts/attack-split	0 green	0 green	0	-
payments-ts/attack-wrapper-alias	0 green	0 green	0	-
payments-ts/legit-wrapper	0 green	0 green	0	-
payments-ts/legit	0 green	0 green	0	-
payments-ts/neg-boundary	0 green	0 green	0	delegation-only=excluded
payments-ts/neg-contract	0 green	0 green	0	component-cycle=policy
payments-ts/neg-decorated	0 green	0 green	0	family-bypass=unknown
payments-ts/neg-dynamic	0 green	0 green	0	registration-bypass=unknownx2
payments-ts/neg-generated	0 green	0 green	0	-
payments-ts/neg-migration	0 green	0 green	0	family-bypass=finding
payments-ts/neg-one-impl	0 green	0 green	0	delegation-only=excluded
payments-ts/neg-one-sibling	0 green	0 green	0	delegation-only=excluded
payments-ts/neg-policy	0 green	0 green	0	-
payments-ts/neg-shared	0 green	0 green	0	-
payments-ts/neg-similar	0 green	0 green	0	near-clone=structural
payments-ts/neg-special	0 green	0 green	0	family-bypass=finding
payments-ts/neg-structural	0 green	0 green	0	family-bypass=finding
payments-ts/plant-clone-copy	0 green	0 green	0	near-clone=lexical,near-clone=structural
payments-ts/plant-clone	0 green	0 green	0	-
payments-ts/plant-cycle	0 green	0 green	0	component-cycle=finding
payments-ts/plant-delegation	0 green	0 green	0	delegation-only=findingx2
payments-ts/plant-family	0 green	0 green	0	family-bypass=finding,registration-bypass=finding
payments-ts/plant-unregistered	0 green	0 green	0	registration-bypass=findingx2
payments-ts/plant-wrapper	0 green	0 green	0	wrapper-bypass=finding
