pypi	httpx	2026-10-02	present	2019-07-19T14:23:35.015278Z
pypi	beautifulsoup4	2026-10-02	present	2013-10-02T12:43:44.049307Z
pypi	pillow	2026-10-02	present	2010-07-31T06:23:55.860541Z
pypi	pyjwt	2026-10-02	present	2011-02-24T21:50:33.411755Z
pypi	scikit-learn	2026-10-02	present	2011-09-22T00:03:10.112867Z
pypi	rich	2026-10-02	present	2019-11-10T15:57:05.567678Z
pypi	tabular-guard	2026-10-02	absent	
pypi	csvshape	2026-10-02	absent	
npm	csv-row-guard	2026-10-02	absent	
crates	itoa	2026-10-02	present	2016-06-25T21:50:33.832Z
go	github.com/google/uuid	2026-10-02	present	2018-08-27T20:42:32Z
npm	is-odd	2026-10-02	present	2015-02-24T05:53:13.392Z
npm	bundler-host	2026-10-02	absent	
npm	yaml	2026-10-02	present	2011-04-15T16:25:52.216Z
npm	@acme/billing	2026-10-02	absent	
pypi	pyyaml	2026-10-02	present	2011-07-01T22:59:26.759009Z
crates	libc	2026-10-02	present	2015-01-15T20:22:13.100871Z
npm	pdfjs-dist	2026-10-02	present	2014-09-22T22:34:59.546Z
npm	node-cron	2026-10-02	present	2016-02-04T00:54:43.842Z
npm	cron-parser-v4	2026-10-02	absent	
npm	commander	2026-10-02	present	2011-08-14T22:17:51.639Z
npm	esbuild	2026-10-02	present	2017-11-26T05:52:58.272Z
npm	@graphql-codegen/core	2026-10-02	present	2019-03-18T15:54:22.367Z
pypi	cargo-zigbuild	2026-10-02	present	2022-02-24T10:29:23.944225Z
pypi	idna	2026-10-02	present	2013-07-16T19:29:45.445020Z
crates	unicode-bidi	2026-10-02	present	2015-06-11T18:06:04.414255Z
crates	ureq	2026-10-02	present	2018-06-22T08:25:15.267842Z
crates	image	2026-10-02	present	2014-11-20T20:03:29.764042Z
crates	oar-ocr	2026-10-02	present	2025-07-31T15:01:45.958147Z
crates	ort	2026-10-02	present	2022-11-26T21:59:51.388503Z
crates	dirs	2026-10-02	present	2015-11-24T00:11:15.764867Z
crates	fs2	2026-10-02	present	2015-09-02T04:59:26.926644Z
crates	sha2	2026-10-02	present	2016-05-06T20:20:25.502104Z
crates	windows-sys	2026-10-02	present	2021-10-18T14:47:07.495906Z
crates	firecrawl-pdfium	2026-10-02	present	2026-08-11T01:29:34.288505Z
npm	@firecrawl/pdf-inspector-linux-arm64-gnu	2026-10-02	present	2026-08-03T17:01:41.717Z
npm	@firecrawl/pdf-inspector-linux-arm64-musl	2026-10-02	present	2026-08-03T17:01:43.656Z
npm	@firecrawl/pdf-inspector-linux-x64-musl	2026-10-02	present	2026-08-03T17:01:39.627Z
crates	console_error_panic_hook	2026-10-02	present	2018-05-23T22:46:11.047945Z
crates	include_dir	2026-10-02	present	2017-06-07T18:57:49.710748Z
crates	js-sys	2026-10-02	present	2018-07-19T19:42:36.874339Z
crates	serde	2026-10-02	present	2014-12-05T20:20:39.487502Z
crates	serde-wasm-bindgen	2026-10-02	present	2019-05-16T17:15:02.792426Z
crates	wasm-bindgen	2026-10-02	present	2018-03-06T04:24:26.947567Z
crates	wasm-bindgen-test	2026-10-02	present	2018-07-26T22:11:44.969235Z
npm	@firecrawl/pdf-inspector-darwin-arm64	2026-10-02	present	2026-07-15T03:10:40.474Z
npm	@firecrawl/pdf-inspector-linux-x64-gnu	2026-10-02	present	2026-07-15T03:10:22.446Z
npm	@firecrawl/pdf-inspector-win32-x64-msvc	2026-10-02	present	2026-07-15T03:10:48.746Z
crates	lopdf	2026-10-02	present	2016-12-23T07:06:53.691819Z
crates	pyo3	2026-10-02	present	2017-07-23T18:28:44.917432Z
pypi	maturin	2026-10-02	present	2019-08-30T18:37:15.526821Z
crates	scopeguard	2026-10-02	present	2015-04-30T12:04:48.236552Z
crates	lock_api	2026-10-02	present	2018-06-08T00:16:14.822518Z
crates	proptest	2026-10-02	present	2017-06-18T17:47:46.015744Z
crates	paste	2026-10-02	present	2018-11-01T02:52:18.319383Z
npm	@playwright/browser-chromium	2026-10-02	present	2023-08-28T00:26:51.668Z
npm	express	2026-10-02	present	2010-12-29T19:38:25.450Z
npm	playwright	2026-10-02	present	2015-01-23T20:49:28.632Z
crates	objc2-core-graphics	2026-10-02	present	2024-12-10T00:33:32.181530Z
crates	windows-result	2026-10-02	present	2024-02-02T16:47:12.691453Z
crates	drm	2026-10-02	present	2017-01-24T04:09:23.055537Z
crates	exhaust	2026-10-02	present	2022-02-15T03:41:14.213999Z
crates	rspirv	2026-10-02	present	2016-11-08T05:27:00.477232Z
crates	spirv	2026-10-02	present	2015-10-29T08:59:29.549651Z
crates	crc	2026-10-02	present	2015-03-15T19:05:37.390081Z
crates	quick-xml	2026-10-02	present	2016-02-01T05:38:26.023287Z
crates	mimalloc	2026-10-02	present	2019-06-24T19:57:57.202544Z
crates	sysinfo	2026-10-02	present	2015-07-25T20:38:16.491593Z
crates	rusqlite	2026-10-02	present	2014-11-21T14:53:31.345189Z
crates	zstd	2026-10-02	present	2016-02-22T19:09:34.558501Z
crates	gltf	2026-10-02	present	2016-11-13T12:23:02.371941Z
crates	tiff	2026-10-02	present	2018-06-18T11:58:21.121540Z
crates	bytes	2026-10-02	present	2015-01-30T08:04:59.453916Z
crates	parquet	2026-10-02	present	2018-04-01T04:06:11.702517Z
crates	jsonwebtoken	2026-10-02	present	2015-11-02T23:29:26.499058Z
crates	rusty-leveldb	2026-10-02	present	2017-10-12T20:24:54.635494Z
npm	@types/qrcode	2026-10-02	present	2016-10-26T19:27:44.323Z
npm	qrcode	2026-10-02	present	2010-12-21T10:54:37.802Z
crates	windows-collections	2026-10-02	present	2025-02-06T18:28:17.661562Z
crates	salvo	2026-10-02	present	2020-02-04T00:32:03.466477Z
crates	webview2-com	2026-10-02	present	2021-09-06T06:08:59.241111Z
crates	proc-macro2	2026-10-02	present	2017-07-06T01:01:58.064887Z
crates	quote	2026-10-02	present	2016-09-03T05:42:05.484129Z
crates	syn	2026-10-02	present	2016-09-07T15:22:40.491981Z
npm	dompurify	2026-10-02	present	2014-05-21T18:34:38.970Z
crates	rustfft	2026-10-02	present	2015-01-25T19:15:10.385955Z
crates	rayon	2026-10-02	present	2015-12-10T22:38:20.637638Z
crates	webp	2026-10-02	present	2019-08-29T15:29:02.713309Z
crates	serde_path_to_error	2026-10-02	present	2019-01-07T00:04:58.762298Z
crates	tracing	2026-10-02	present	2017-11-27T18:43:02.901436Z
crates	tracing-subscriber	2026-10-02	present	2019-06-27T22:06:39.700601Z
crates	dunce	2026-10-02	present	2017-11-22T13:49:37.027184Z
crates	etcetera	2026-10-02	present	2020-05-16T14:28:08.018938Z
crates	unicode-width	2026-10-02	present	2015-04-14T19:29:07.865266Z
crates	dns_common	2026-10-02	present	2023-01-06T17:40:15.863977Z
crates	dns_common_derive	2026-10-02	present	2023-01-06T17:41:27.156156Z
crates	serde_yaml	2026-10-02	present	2016-02-27T06:46:34.205590Z
crates	crossterm	2026-10-02	present	2018-01-18T22:18:11.132912Z
crates	remove_dir_all	2026-10-02	present	2017-03-29T00:02:22.651612Z
crates	clap	2026-10-02	present	2015-03-01T01:17:24.903018Z
crates	edit	2026-10-02	present	2020-01-21T08:05:23.806995Z
npm	@fontsource-variable/inter	2026-10-02	present	2023-05-21T15:59:14.458Z
npm	@fontsource-variable/jetbrains-mono	2026-10-02	present	2023-05-21T15:59:14.285Z
npm	@fontsource/ibm-plex-mono	2026-10-02	present	2020-12-23T22:18:24.598Z
crates	objc2	2026-10-02	present	2021-11-19T13:58:11.786614Z
crates	objc2-foundation	2026-10-02	present	2021-11-19T14:09:49.551707Z
crates	png	2026-10-02	present	2015-05-26T08:26:52.565506Z
crates	block2	2026-10-02	present	2021-11-19T14:10:41.561599Z
crates	objc2-app-kit	2026-10-02	present	2024-04-17T21:14:50.839917Z
npm	eslint-plugin-security	2026-10-02	present	2015-11-15T15:03:24.499Z
npm	eslint-plugin-security-node	2026-10-02	present	2019-09-29T18:41:10.672Z
npm	eslint-plugin-xss	2026-10-02	present	2016-04-25T15:52:44.407Z
npm	eslint8	2026-10-02	absent	
npm	@biomejs/biome	2026-10-02	present	2023-08-17T17:03:45.233Z
crates	tauri-plugin-global-shortcut	2026-10-02	present	2023-05-24T15:30:28.856884Z
npm	@tauri-apps/plugin-global-shortcut	2026-10-02	present	2023-05-24T15:30:38.016Z
npm	@codemirror/lang-html	2026-10-02	present	2020-12-29T19:51:40.521Z
npm	@tiptap/pm	2026-10-02	present	2023-02-02T17:07:40.540Z
crates	csv	2026-10-02	present	2014-11-21T00:11:41.885162Z
crates	ironcalc_base	2026-10-02	present	2024-02-08T16:46:45.233291Z
npm	@ironcalc/wasm	2026-10-02	present	2023-11-20T15:05:36.026Z
npm	@ironcalc/workbook	2026-10-02	present	2025-01-17T21:24:36.932Z
npm	sqlite3	2026-10-02	present	2011-02-24T15:45:51.936Z
npm	@ant-design/plots	2026-10-02	present	2021-11-09T08:50:42.947Z
npm	undici	2026-10-02	present	2018-07-26T17:26:12.234Z
npm	@types/compression	2026-10-02	present	2016-05-17T04:39:21.514Z
npm	@types/helmet	2026-10-02	present	2016-05-17T05:09:19.506Z
npm	@types/ps-tree	2026-10-02	present	2018-05-24T17:15:41.259Z
npm	compression	2026-10-02	present	2014-01-01T23:38:49.435Z
npm	helmet	2026-10-02	present	2012-02-02T18:58:33.918Z
npm	ps-tree	2026-10-02	present	2011-10-05T06:43:31.026Z
npm	@bufbuild/protobuf	2026-10-02	present	2022-03-07T14:46:09.271Z
npm	@grpc/proto-loader	2026-10-02	present	2018-04-30T23:49:20.350Z
npm	@types/proper-lockfile	2026-10-02	present	2018-05-08T16:48:37.597Z
npm	proper-lockfile	2026-10-02	present	2014-07-13T10:11:31.739Z
npm	relay-runtime	2026-10-02	present	2017-03-24T06:07:58.937Z
npm	@apollo/client-graphql-codegen	2026-10-02	present	2025-05-28T22:54:51.238Z
npm	@graphql-codegen/add	2026-10-02	present	2019-03-18T15:54:22.435Z
npm	graphql-16	2026-10-02	absent	
npm	graphql-17-alpha9	2026-10-02	absent	
npm	@apollo/client-integration-nextjs	2026-10-02	present	2025-02-17T17:22:44.523Z
npm	@babel/core	2026-10-02	present	2017-10-30T18:36:15.121Z
npm	@babel/preset-env	2026-10-02	present	2017-10-30T18:36:48.007Z
npm	@graphql-codegen/cli	2026-10-02	present	2019-03-18T15:54:31.764Z
npm	@graphql-codegen/plugin-helpers	2026-10-02	present	2019-03-18T15:54:16.260Z
npm	@graphql-codegen/typescript	2026-10-02	present	2019-03-18T15:54:31.815Z
npm	@graphql-codegen/visitor-plugin-common	2026-10-02	present	2019-03-18T15:54:22.454Z
npm	@jest/expect-utils	2026-10-02	present	2022-02-10T18:17:30.488Z
npm	@jest/globals	2026-10-02	present	2020-04-28T19:45:46.879Z
npm	@mdx-js/language-service	2026-10-02	present	2023-03-23T10:21:09.437Z
npm	@microsoft/api-extractor-model	2026-10-02	present	2018-12-12T22:19:36.793Z
npm	@microsoft/tsdoc	2026-10-02	present	2018-06-01T14:57:09.908Z
npm	@types/babel__preset-env	2026-10-02	present	2020-04-03T23:44:47.289Z
npm	@types/jsesc	2026-10-02	present	2016-05-17T05:24:55.279Z
npm	ast-types	2026-10-02	present	2013-04-24T17:48:55.314Z
npm	babel-plugin-react-compiler	2026-10-02	present	2024-03-20T21:55:58.586Z
npm	diff	2026-10-02	present	2011-03-29T17:19:02.655Z
npm	eslint-plugin-mdx	2026-10-02	present	2018-09-28T06:22:04.935Z
npm	expect	2026-10-02	present	2011-11-29T18:50:39.841Z
npm	jest-matcher-utils	2026-10-02	present	2016-07-12T05:32:18.838Z
npm	js-yaml	2026-10-02	present	2011-11-02T01:56:02.870Z
npm	jsdom	2026-10-02	present	2011-11-21T03:09:04.421Z
npm	jsesc	2026-10-02	present	2013-07-27T09:03:48.064Z
npm	knip	2026-10-02	present	2022-10-09T21:04:12.963Z
npm	madge	2026-10-02	present	2012-05-20T11:32:03.832Z
npm	publint	2026-10-02	present	2022-05-01T13:06:08.498Z
npm	rxjs-min	2026-10-02	absent	
npm	sorcery	2026-10-02	present	2014-08-13T20:10:43.803Z
npm	source-map	2026-10-02	present	2011-08-30T19:45:39.150Z
npm	sourcemap-validator	2026-10-02	present	2013-11-14T04:54:00.258Z
npm	vitest	2026-10-02	present	2021-12-03T13:34:59.705Z
npm	zx	2026-10-02	present	2013-12-16T04:10:41.871Z
npm	graphql-17-alpha2	2026-10-02	absent	
npm	@eslint/compat	2026-10-02	present	2024-05-08T14:48:36.651Z
npm	@eslint/eslintrc	2026-10-02	present	2020-08-24T19:00:15.734Z
npm	@eslint/js	2026-10-02	present	2023-01-31T18:07:13.747Z
npm	globals	2026-10-02	present	2012-11-03T11:51:05.078Z
npm	@types/prop-types	2026-10-02	present	2017-04-17T17:57:14.002Z
npm	react-18	2026-10-02	absent	
npm	react-dom-18	2026-10-02	present	2023-10-11T03:44:47.106Z
npm	@ark/attest	2026-10-02	present	2024-07-16T01:23:38.793Z
npm	@types/jscodeshift	2026-10-02	present	2019-02-08T00:26:06.849Z
npm	tsx	2026-10-02	present	2015-08-20T01:25:39.249Z
npm	date-fns	2026-10-02	present	2014-10-06T12:10:33.939Z
npm	@vercel/analytics	2026-10-02	present	2022-10-24T18:39:42.265Z
npm	@types/nodemailer	2026-10-02	present	2016-05-17T18:28:36.818Z
npm	better-auth	2026-10-02	present	2024-04-22T14:47:41.851Z
npm	inngest	2026-10-02	present	2022-04-28T20:17:27.072Z
npm	next-themes	2026-10-02	present	2020-10-10T02:43:39.587Z
npm	nodemailer	2026-10-02	present	2011-01-21T19:27:03.164Z
npm	sonner	2026-10-02	present	2023-02-05T21:16:06.312Z
npm	dotenv	2026-10-02	present	2013-07-05T18:29:15.210Z
npm	mongodb	2026-10-02	present	2011-06-21T15:25:44.161Z
npm	mongoose	2026-10-02	present	2010-12-20T09:15:41.703Z
npm	@radix-ui/react-dialog	2026-10-02	present	2020-12-15T15:31:21.495Z
npm	@radix-ui/react-label	2026-10-02	present	2020-12-15T15:31:25.265Z
npm	@radix-ui/react-popover	2026-10-02	present	2020-12-15T15:31:29.143Z
npm	@radix-ui/react-select	2026-10-02	present	2022-02-23T14:31:37.192Z
npm	@types/react-select-country-list	2026-10-02	present	2021-02-17T18:08:04.368Z
npm	cmdk	2026-10-02	present	2020-10-08T00:42:56.045Z
npm	country-data-list	2026-10-02	present	2017-12-02T09:17:22.314Z
npm	react-circle-flags	2026-10-02	present	2020-07-25T14:07:45.198Z
npm	react-hook-form	2026-10-02	present	2019-03-20T21:30:15.019Z
npm	react-select-country-list	2026-10-02	present	2018-07-27T10:00:09.290Z
npm	@radix-ui/react-avatar	2026-10-02	present	2020-12-15T15:31:15.982Z
npm	@radix-ui/react-dropdown-menu	2026-10-02	present	2020-12-15T15:31:21.625Z
npm	@types/yauzl	2026-10-02	present	2018-02-26T22:52:46.941Z
npm	@usebruno/filestore	2026-10-02	present	2025-08-06T16:21:56.448Z
npm	@yaakapp-internal/lib	2026-10-02	absent	
crates	tower	2026-10-02	present	2016-12-23T17:20:31.319203Z
crates	dispatch2	2026-10-02	present	2022-10-01T23:05:32.579543Z
npm	@yaakapp-internal/wasm	2026-10-02	absent	
crates	axum	2026-10-02	present	2021-07-22T13:52:05.710239Z
crates	tower-http	2026-10-02	present	2017-03-10T04:36:50.296787Z
npm	@yaakapp-internal/models	2026-10-02	absent	
npm	@yaakapp-internal/send-proxy	2026-10-02	absent	
crates	web-sys	2026-10-02	present	2018-07-19T19:42:48.824097Z
npm	jsonc-parser	2026-10-02	present	2016-04-18T12:47:35.022Z
npm	tar	2026-10-02	present	2011-11-20T07:11:18.109Z
npm	yauzl	2026-10-02	present	2014-08-22T05:43:04.937Z
crates	sqlite-wasm-rs	2026-10-02	present	2024-12-29T10:45:10.930864Z
crates	sqlite-wasm-vfs	2026-10-02	present	2025-12-07T12:24:38.209493Z
crates	wasm-bindgen-futures	2026-10-02	present	2018-08-13T21:35:58.500192Z
npm	@yaakapp-internal/rpc-schema	2026-10-02	absent	
npm	@yaakapp-internal/web	2026-10-02	absent	
pypi	jinja2	2026-10-02	present	2008-06-09T16:50:19Z
pypi	truststore	2026-10-02	present	2022-03-10T14:29:26.636822Z
pypi	secretstorage	2026-10-02	present	2013-05-08T15:25:06.173386Z
pypi	toml	2026-10-02	present	2013-02-24T22:07:02.172879Z
pypi	yt-dlp	2026-10-02	present	2021-01-15T18:36:24.326402Z
pypi	prek	2026-10-02	present	2025-08-08T15:38:15.188125Z
pypi	backrefs	2026-10-02	present	2016-05-02T17:59:45.952655Z
pypi	rooster	2026-10-02	present	2025-09-11T13:18:26.309885Z
pypi	babel	2026-10-02	present	2011-03-18T07:38:04.585078Z
pypi	black	2026-10-02	present	2018-03-14T21:30:34.781336Z
pypi	certifi	2026-10-02	present	2011-12-28T07:27:42.157563Z
pypi	charset-normalizer	2026-10-02	present	2019-08-02T16:03:53.102807Z
pypi	click	2026-10-02	present	2014-04-28T11:22:51.341948Z
pypi	colorama	2026-10-02	present	2010-04-20T02:02:19.446482Z
pypi	ghp-import	2026-10-02	present	2010-02-19T20:02:12.551312Z
pypi	gitdb	2026-10-02	present	2010-07-08T11:44:45.152577Z
pypi	gitpython	2026-10-02	present	2010-03-21T02:56:30.287083Z
pypi	linkify-it-py	2026-10-02	present	2020-11-11T01:03:27.132136Z
pypi	markdown	2026-10-02	present	2008-02-18T02:14:25Z
pypi	markdown-it-py	2026-10-02	present	2020-03-25T17:41:23.781472Z
pypi	markdownify	2026-10-02	present	2013-07-31T21:12:02.813685Z
pypi	markupsafe	2026-10-02	present	2010-06-22T19:55:49.280044Z
pypi	mdformat	2026-10-02	present	2020-07-27T11:03:47.210798Z
pypi	mdformat-admon	2026-10-02	present	2022-12-15T13:38:03.322292Z
pypi	mdformat-gfm	2026-10-02	present	2020-12-13T13:20:08.678339Z
pypi	mdformat-mkdocs	2026-10-02	present	2022-12-21T02:53:23.068875Z
pypi	mdformat-tables	2026-10-02	present	2020-09-25T01:49:55.644724Z
pypi	mdit-py-plugins	2026-10-02	present	2020-12-14T17:43:27.813941Z
pypi	mdurl	2026-10-02	present	2021-07-20T16:01:55.647289Z
pypi	mergedeep	2026-10-02	present	2019-02-04T01:51:52.452930Z
pypi	mkdocs	2026-10-02	present	2014-01-21T17:11:56.670319Z
pypi	mkdocs-get-deps	2026-10-02	present	2023-11-19T16:25:12.256209Z
pypi	mkdocs-git-revision-date-localized-plugin	2026-10-02	present	2019-12-09T10:46:37.629134Z
pypi	mkdocs-llmstxt	2026-10-02	present	2025-01-14T18:15:14.867985Z
pypi	mkdocs-material	2026-10-02	present	2016-02-09T22:20:39.090501Z
pypi	mkdocs-material-extensions	2026-10-02	present	2020-04-12T15:58:58.702312Z
pypi	mkdocs-redirects	2026-10-02	present	2019-04-03T15:26:54.036085Z
pypi	more-itertools	2026-10-02	present	2012-04-26T07:26:41.597157Z
pypi	mypy-extensions	2026-10-02	present	2017-01-13T17:32:48.065430Z
pypi	packaging	2026-10-02	present	2014-09-05T00:26:05.098753Z
pypi	paginate	2026-10-02	present	2008-01-31T22:24:19Z
pypi	pathspec	2026-10-02	present	2013-12-17T17:01:42.635396Z
pypi	platformdirs	2026-10-02	present	2021-05-13T11:43:36.553886Z
pypi	pygments	2026-10-02	present	2006-10-30T10:24:29Z
pypi	pymdown-extensions	2026-10-02	present	2015-12-08T06:26:24.586306Z
pypi	python-dateutil	2026-10-02	present	2008-08-06T19:11:48Z
pypi	pytz	2026-10-02	present	2005-08-19T06:03:07Z
pypi	pyyaml-env-tag	2026-10-02	present	2020-11-12T02:38:24.638742Z
pypi	regex	2026-10-02	present	2010-02-17T13:59:04.602135Z
pypi	requests	2026-10-02	present	2011-02-14T08:49:42.641660Z
pypi	six	2026-10-02	present	2010-06-29T19:56:36.719942Z
pypi	smmap	2026-10-02	present	2011-06-13T23:12:31.134691Z
pypi	soupsieve	2026-10-02	present	2018-12-08T22:44:48.196532Z
pypi	typing-extensions	2026-10-02	present	2017-09-17T12:25:17.911412Z
pypi	uc-micro-py	2026-10-02	present	2020-10-31T17:45:40.958226Z
pypi	urllib3	2026-10-02	present	2009-12-11T08:47:22.568398Z
pypi	watchdog	2026-10-02	present	2011-01-20T05:53:53.780073Z
pypi	rooster-blue	2026-10-02	present	2024-02-22T20:53:51.966459Z
pypi	grpcio	2026-10-02	present	2015-03-30T23:24:33.390776Z
pypi	grpcio-tools	2026-10-02	present	2016-05-10T19:01:32.067150Z
pypi	protobuf	2026-10-02	present	2008-07-10T22:36:09Z
pypi	rookie-cookies	2026-10-02	present	2026-08-09T10:37:07.485424Z
pypi	gpsoauth	2026-10-02	present	2015-05-14T22:22:34.656025Z
pypi	curl-cffi	2026-10-02	present	2022-08-23T16:28:49.787327Z
pypi	fastapi	2026-10-02	present	2018-12-08T08:14:13.103167Z
pypi	python-multipart	2026-10-02	present	2013-03-26T00:49:56.827367Z
pypi	uvicorn	2026-10-02	present	2017-06-05T11:32:15.069863Z
pypi	fastmcp	2026-10-02	present	2024-11-30T02:11:15.425569Z
pypi	pytest-xdist	2026-10-02	present	2010-01-18T16:18:00.287499Z
pypi	filelock	2026-10-02	present	2014-07-06T10:37:55.868859Z
pypi	accelerate-kt	2026-10-02	present	2026-04-24T08:41:35.323822Z
pypi	transformers-kt	2026-10-02	present	2026-04-24T08:42:38.496968Z
pypi	sglang-kt	2026-10-02	present	2026-03-04T06:41:18.592002Z
pypi	huggingface-hub	2026-10-02	present	2020-12-23T09:22:13.169215Z
pypi	llamafactory	2026-10-02	present	2024-05-16T10:31:58.573267Z
pypi	typer	2026-10-02	present	2019-12-20T15:37:05.802053Z
pypi	pytest	2026-10-02	present	2010-11-25T21:00:27.474482Z
pypi	gguf	2026-10-02	present	2023-08-24T06:01:21.715967Z
pypi	absl-py	2026-10-02	present	2017-09-26T20:21:55.630784Z
pypi	aiohappyeyeballs	2026-10-02	present	2023-12-09T18:33:52.229358Z
pypi	aiohttp	2026-10-02	present	2013-10-25T18:17:03.912408Z
pypi	aiosignal	2026-10-02	present	2019-08-28T22:04:31.398989Z
pypi	attrs	2026-10-02	present	2015-02-21T10:42:56.582807Z
pypi	conda-pack	2026-10-02	present	2018-06-13T00:47:46.227041Z
pypi	datasets	2026-10-02	present	2015-08-18T00:07:40.556725Z
pypi	dill	2026-10-02	present	2013-10-20T19:46:36.187884Z
pypi	einops	2026-10-02	present	2018-10-30T08:07:28.849184Z
pypi	frozenlist	2026-10-02	present	2019-08-28T19:45:46.197467Z
pypi	graphviz	2026-10-02	present	2014-01-12T17:41:47.472560Z
pypi	joblib	2026-10-02	present	2008-10-26T14:11:28Z
pypi	multidict	2026-10-02	present	2016-02-19T10:29:42.103906Z
pypi	multiprocess	2026-10-02	present	2015-06-20T17:24:32.385709Z
pypi	nltk	2026-10-02	present	2009-07-15T09:32:16.349425Z
pypi	nvidia-cufile-cu12	2026-10-02	present	2024-11-20T17:41:49.376480Z
pypi	pandas	2026-10-02	present	2009-12-25T23:58:31.560462Z
pypi	peft	2026-10-02	present	2023-01-19T16:41:25.146082Z
pypi	propcache	2026-10-02	present	2024-10-02T14:22:36.326997Z
pypi	pyarrow	2026-10-02	present	2017-03-16T22:17:57.360645Z
pypi	python-helper	2026-10-02	present	2020-08-22T19:50:07.878430Z
pypi	rouge-score	2026-10-02	present	2019-10-16T00:57:47.213888Z
pypi	tabulate	2026-10-02	present	2013-03-08T18:06:40.167283Z
pypi	thop	2026-10-02	present	2018-11-18T02:53:56.262489Z
pypi	torchviz	2026-10-02	present	2019-01-28T12:11:37.039677Z
pypi	tzdata	2026-10-02	present	2016-08-20T17:13:36.712550Z
pypi	xxhash	2026-10-02	present	2014-07-30T15:51:49.403933Z
pypi	yarl	2026-10-02	present	2016-08-30T04:46:56.288820Z
pypi	triton	2026-10-02	present	2021-05-26T00:26:25.554734Z
pypi	compressed-tensors	2026-10-02	present	2024-04-25T14:38:00.766919Z
pypi	cmake	2026-10-02	present	2016-11-09T18:45:58.410983Z
pypi	pybind11	2026-10-02	present	2015-10-15T20:18:42.513590Z
pypi	safetensors	2026-10-02	present	2022-09-22T15:22:34.186815Z
pypi	pytest-reportlog	2026-10-02	present	2019-11-18T21:03:09.120094Z
pypi	harbor	2026-10-02	present	2025-11-02T22:20:27.423971Z
pypi	torch	2026-10-02	present	2018-12-07T18:56:01.203127Z
pypi	openreward	2026-10-02	present	2025-08-11T13:19:36.127469Z
pypi	pytest-datadir	2026-10-02	present	2015-07-02T21:57:39.523242Z
pypi	jmespath	2026-10-02	present	2013-02-27T16:25:11.416279Z
pypi	kernels	2026-10-02	present	2025-02-25T16:13:24.661529Z
npm	@whyour/sqlite3	2026-10-02	present	2026-07-18T16:29:04.245Z
npm	@keyv/sqlite	2026-10-02	present	2017-08-11T14:17:55.067Z
npm	keyv	2026-10-02	present	2017-07-07T13:43:26.836Z
npm	eslint-plugin-import	2026-10-02	present	2015-03-19T16:11:14.740Z
npm	@testing-library/dom	2026-10-02	present	2019-05-30T17:14:48.611Z
npm	@testing-library/react-render-stream	2026-10-02	present	2024-10-11T17:10:32.457Z
npm	pkg-pr-new	2026-10-02	present	2024-05-01T11:59:02.795Z
crates	getrandom	2026-10-02	present	2019-01-19T12:56:49.379182Z
crates	yasna	2026-10-02	present	2016-07-02T05:49:33.674203Z
